match_id,payment_record_id,bank_transaction_id,match_type,match_status
MATCH-0000001,PAYREC-000001,BTX-0000001,one_to_one,matched
MATCH-0000002,PAYREC-000002,BTX-0000002,one_to_one,matched
MATCH-0000003,PAYREC-000003,BTX-0000003,one_to_one,matched
MATCH-0000004,PAYREC-000005,BTX-0000004,one_to_one,matched
MATCH-0000005,PAYREC-000006,BTX-0000005,one_to_one,matched
MATCH-0000006,PAYREC-000007,BTX-0000006,one_to_one,matched
MATCH-0000007,PAYREC-000008,BTX-0000007,one_to_one,matched
MATCH-0000008,PAYREC-000009,BTX-0000008,one_to_one,matched
MATCH-0000009,PAYREC-000010,BTX-0000009,one_to_one,matched
MATCH-0000010,PAYREC-000011,BTX-0000010,one_to_one,matched
MATCH-0000011,PAYREC-000012,BTX-0000011,one_to_one,matched
MATCH-0000012,PAYREC-000013,BTX-0000012,one_to_one,matched
MATCH-0000013,PAYREC-000014,BTX-0000013,one_to_one,matched
MATCH-0000014,PAYREC-000015,BTX-0000014,one_to_one,matched
MATCH-0000015,PAYREC-000017,BTX-0000015,one_to_one,matched
MATCH-0000016,PAYREC-000019,BTX-0000016,one_to_one,matched
MATCH-0000017,PAYREC-000020,BTX-0000017,one_to_one,matched
MATCH-0000018,PAYREC-000021,BTX-0000018,one_to_one,matched
MATCH-0000019,PAYREC-000022,BTX-0000019,one_to_one,matched
MATCH-0000020,PAYREC-000023,BTX-0000020,one_to_one,matched
MATCH-0000021,PAYREC-000024,BTX-0000021,one_to_one,matched
MATCH-0000022,PAYREC-000025,BTX-0000022,one_to_one,matched
MATCH-0000023,PAYREC-000026,BTX-0000023,one_to_one,matched
MATCH-0000024,PAYREC-000027,BTX-0000024,one_to_one,matched
MATCH-0000025,PAYREC-000028,BTX-0000025,one_to_one,matched
MATCH-0000026,PAYREC-000029,BTX-0000026,one_to_one,matched
MATCH-0000027,PAYREC-000030,BTX-0000027,one_to_one,matched
MATCH-0000028,PAYREC-000032,BTX-0000028,one_to_one,matched
MATCH-0000029,PAYREC-000033,BTX-0000029,one_to_one,matched
MATCH-0000030,PAYREC-000034,BTX-0000030,one_to_one,matched
MATCH-0000031,PAYREC-000035,BTX-0000031,one_to_one,matched
MATCH-0000032,PAYREC-000036,BTX-0000032,one_to_one,matched
MATCH-0000033,PAYREC-000037,BTX-0000033,one_to_one,matched
MATCH-0000034,PAYREC-000038,BTX-0000034,one_to_one,matched
MATCH-0000035,PAYREC-000039,BTX-0000035,one_to_one,matched
MATCH-0000036,PAYREC-000040,BTX-0000036,one_to_one,matched
MATCH-0000037,PAYREC-000041,BTX-0000037,one_to_one,matched
MATCH-0000038,PAYREC-000042,BTX-0000038,one_to_one,matched
MATCH-0000039,PAYREC-000043,BTX-0000039,one_to_one,matched
MATCH-0000040,PAYREC-000044,BTX-0000040,one_to_one,matched
MATCH-0000041,PAYREC-000045,BTX-0000041,one_to_one,matched
MATCH-0000042,PAYREC-000046,BTX-0000042,one_to_one,matched
MATCH-0000043,PAYREC-000047,BTX-0000043,one_to_one,matched
MATCH-0000044,PAYREC-000048,BTX-0000044,one_to_one,matched
MATCH-0000045,PAYREC-000049,BTX-0000045,one_to_one,matched
MATCH-0000046,PAYREC-000050,BTX-0000046,one_to_one,matched
MATCH-0000047,PAYREC-000051,BTX-0000047,one_to_one,matched
MATCH-0000048,PAYREC-000053,BTX-0000048,one_to_one,matched
MATCH-0000049,PAYREC-000054,BTX-0000049,one_to_one,matched
MATCH-0000050,PAYREC-000055,BTX-0000050,one_to_one,matched
MATCH-0000051,PAYREC-000056,BTX-0000051,one_to_one,matched
MATCH-0000052,PAYREC-000058,BTX-0000052,one_to_one,matched
MATCH-0000053,PAYREC-000059,BTX-0000053,one_to_one,matched
MATCH-0000054,PAYREC-000060,BTX-0000054,one_to_one,matched
MATCH-0000055,PAYREC-000064,BTX-0000055,one_to_one,matched
MATCH-0000056,PAYREC-000065,BTX-0000056,one_to_one,matched
MATCH-0000057,PAYREC-000066,BTX-0000057,one_to_one,matched
MATCH-0000058,PAYREC-000067,BTX-0000058,one_to_one,matched
MATCH-0000059,PAYREC-000068,BTX-0000059,one_to_one,matched
MATCH-0000060,PAYREC-000069,BTX-0000060,one_to_one,matched
MATCH-0000061,PAYREC-000072,BTX-0000061,one_to_one,matched
MATCH-0000062,PAYREC-000074,BTX-0000062,one_to_one,matched
MATCH-0000063,PAYREC-000075,BTX-0000063,one_to_one,matched
MATCH-0000064,PAYREC-000076,BTX-0000064,one_to_one,matched
MATCH-0000065,PAYREC-000077,BTX-0000065,one_to_one,matched
MATCH-0000066,PAYREC-000080,BTX-0000066,one_to_one,matched
MATCH-0000067,PAYREC-000081,BTX-0000067,one_to_one,matched
MATCH-0000068,PAYREC-000083,BTX-0000068,one_to_one,matched
MATCH-0000069,PAYREC-000084,BTX-0000069,one_to_one,matched
MATCH-0000070,PAYREC-000085,BTX-0000070,one_to_one,matched
MATCH-0000071,PAYREC-000086,BTX-0000071,one_to_one,matched
MATCH-0000072,PAYREC-000087,BTX-0000072,one_to_one,matched
MATCH-0000073,PAYREC-000088,BTX-0000073,one_to_one,matched
MATCH-0000074,PAYREC-000089,BTX-0000074,one_to_one,matched
MATCH-0000075,PAYREC-000090,BTX-0000075,one_to_one,matched
MATCH-0000076,PAYREC-000091,BTX-0000076,one_to_one,matched
MATCH-0000077,PAYREC-000093,BTX-0000077,one_to_one,matched
MATCH-0000078,PAYREC-000094,BTX-0000078,one_to_one,matched
MATCH-0000079,PAYREC-000096,BTX-0000079,one_to_one,matched
MATCH-0000080,PAYREC-000097,BTX-0000080,one_to_one,matched
MATCH-0000081,PAYREC-000098,BTX-0000081,one_to_one,matched
MATCH-0000082,PAYREC-000099,BTX-0000082,one_to_one,matched
MATCH-0000083,PAYREC-000100,BTX-0000083,one_to_one,matched
MATCH-0000084,PAYREC-000101,BTX-0000084,one_to_one,matched
MATCH-0000085,PAYREC-000102,BTX-0000085,one_to_one,matched
MATCH-0000086,PAYREC-000105,BTX-0000086,one_to_one,matched
MATCH-0000087,PAYREC-000106,BTX-0000087,one_to_one,matched
MATCH-0000088,PAYREC-000107,BTX-0000088,one_to_one,matched
MATCH-0000089,PAYREC-000109,BTX-0000089,one_to_one,matched
MATCH-0000090,PAYREC-000111,BTX-0000090,one_to_one,matched
MATCH-0000091,PAYREC-000112,BTX-0000091,one_to_one,matched
MATCH-0000092,PAYREC-000113,BTX-0000092,one_to_one,matched
MATCH-0000093,PAYREC-000114,BTX-0000093,one_to_one,matched
MATCH-0000094,PAYREC-000115,BTX-0000094,one_to_one,matched
MATCH-0000095,PAYREC-000116,BTX-0000095,one_to_one,matched
MATCH-0000096,PAYREC-000118,BTX-0000096,one_to_one,matched
MATCH-0000097,PAYREC-000119,BTX-0000097,one_to_one,matched
MATCH-0000098,PAYREC-000120,BTX-0000098,one_to_one,matched
MATCH-0000099,PAYREC-000121,BTX-0000099,one_to_one,matched
MATCH-0000100,PAYREC-000122,BTX-0000100,one_to_one,matched
MATCH-0000101,PAYREC-000123,BTX-0000101,one_to_one,matched
MATCH-0000102,PAYREC-000124,BTX-0000102,one_to_one,matched
MATCH-0000103,PAYREC-000125,BTX-0000103,one_to_one,matched
MATCH-0000104,PAYREC-000126,BTX-0000104,one_to_one,matched
MATCH-0000105,PAYREC-000128,BTX-0000105,one_to_one,matched
MATCH-0000106,PAYREC-000129,BTX-0000106,one_to_one,matched
MATCH-0000107,PAYREC-000130,BTX-0000107,one_to_one,matched
MATCH-0000108,PAYREC-000131,BTX-0000108,one_to_one,matched
MATCH-0000109,PAYREC-000132,BTX-0000109,one_to_one,matched
MATCH-0000110,PAYREC-000133,BTX-0000110,one_to_one,matched
MATCH-0000111,PAYREC-000134,BTX-0000111,one_to_one,matched
MATCH-0000112,PAYREC-000135,BTX-0000112,one_to_one,matched
MATCH-0000113,PAYREC-000136,BTX-0000113,one_to_one,matched
MATCH-0000114,PAYREC-000137,BTX-0000114,one_to_one,matched
MATCH-0000115,PAYREC-000138,BTX-0000115,one_to_one,matched
MATCH-0000116,PAYREC-000139,BTX-0000116,one_to_one,matched
MATCH-0000117,PAYREC-000140,BTX-0000117,one_to_one,matched
MATCH-0000118,PAYREC-000141,BTX-0000118,one_to_one,matched
MATCH-0000119,PAYREC-000142,BTX-0000119,one_to_one,matched
MATCH-0000120,PAYREC-000143,BTX-0000120,one_to_one,matched
MATCH-0000121,PAYREC-000144,BTX-0000121,one_to_one,matched
MATCH-0000122,PAYREC-000146,BTX-0000122,one_to_one,matched
MATCH-0000123,PAYREC-000147,BTX-0000123,one_to_one,matched
MATCH-0000124,PAYREC-000148,BTX-0000124,one_to_one,matched
MATCH-0000125,PAYREC-000149,BTX-0000125,one_to_one,matched
MATCH-0000126,PAYREC-000150,BTX-0000126,one_to_one,matched
MATCH-0000127,PAYREC-000151,BTX-0000127,one_to_one,matched
MATCH-0000128,PAYREC-000154,BTX-0000128,one_to_one,matched
MATCH-0000129,PAYREC-000155,BTX-0000129,one_to_one,matched
MATCH-0000130,PAYREC-000156,BTX-0000130,one_to_one,matched
MATCH-0000131,PAYREC-000157,BTX-0000131,one_to_one,matched
MATCH-0000132,PAYREC-000158,BTX-0000132,one_to_one,matched
MATCH-0000133,PAYREC-000159,BTX-0000133,one_to_one,matched
MATCH-0000134,PAYREC-000160,BTX-0000134,one_to_one,matched
MATCH-0000135,PAYREC-000161,BTX-0000135,one_to_one,matched
MATCH-0000136,PAYREC-000162,BTX-0000136,one_to_one,matched
MATCH-0000137,PAYREC-000164,BTX-0000137,one_to_one,matched
MATCH-0000138,PAYREC-000165,BTX-0000138,one_to_one,matched
MATCH-0000139,PAYREC-000166,BTX-0000139,one_to_one,matched
MATCH-0000140,PAYREC-000169,BTX-0000140,one_to_one,matched
MATCH-0000141,PAYREC-000171,BTX-0000141,one_to_one,matched
MATCH-0000142,PAYREC-000172,BTX-0000142,one_to_one,matched
MATCH-0000143,PAYREC-000173,BTX-0000143,one_to_one,matched
MATCH-0000144,PAYREC-000174,BTX-0000144,one_to_one,matched
MATCH-0000145,PAYREC-000175,BTX-0000145,one_to_one,matched
MATCH-0000146,PAYREC-000176,BTX-0000146,one_to_one,matched
MATCH-0000147,PAYREC-000177,BTX-0000147,one_to_one,matched
MATCH-0000148,PAYREC-000178,BTX-0000148,one_to_one,matched
MATCH-0000149,PAYREC-000179,BTX-0000149,one_to_one,matched
MATCH-0000150,PAYREC-000180,BTX-0000150,one_to_one,matched
MATCH-0000151,PAYREC-000181,BTX-0000151,one_to_one,matched
MATCH-0000152,PAYREC-000182,BTX-0000152,one_to_one,matched
MATCH-0000153,PAYREC-000183,BTX-0000153,one_to_one,matched
MATCH-0000154,PAYREC-000184,BTX-0000154,one_to_one,matched
MATCH-0000155,PAYREC-000185,BTX-0000155,one_to_one,matched
MATCH-0000156,PAYREC-000186,BTX-0000156,one_to_one,matched
MATCH-0000157,PAYREC-000187,BTX-0000157,one_to_one,matched
MATCH-0000158,PAYREC-000188,BTX-0000158,one_to_one,matched
MATCH-0000159,PAYREC-000189,BTX-0000159,one_to_one,matched
MATCH-0000160,PAYREC-000190,BTX-0000160,one_to_one,matched
MATCH-0000161,PAYREC-000192,BTX-0000161,one_to_one,matched
MATCH-0000162,PAYREC-000193,BTX-0000162,one_to_one,matched
MATCH-0000163,PAYREC-000194,BTX-0000163,one_to_one,matched
MATCH-0000164,PAYREC-000195,BTX-0000164,one_to_one,matched
MATCH-0000165,PAYREC-000196,BTX-0000165,one_to_one,matched
MATCH-0000166,PAYREC-000197,BTX-0000166,one_to_one,matched
MATCH-0000167,PAYREC-000198,BTX-0000167,one_to_one,matched
MATCH-0000168,PAYREC-000199,BTX-0000168,one_to_one,matched
MATCH-0000169,PAYREC-000200,BTX-0000169,one_to_one,matched
MATCH-0000170,PAYREC-000202,BTX-0000170,one_to_one,matched
MATCH-0000171,PAYREC-000204,BTX-0000171,one_to_one,matched
MATCH-0000172,PAYREC-000205,BTX-0000172,one_to_one,matched
MATCH-0000173,PAYREC-000206,BTX-0000173,one_to_one,matched
MATCH-0000174,PAYREC-000207,BTX-0000174,one_to_one,matched
MATCH-0000175,PAYREC-000208,BTX-0000175,one_to_one,matched
MATCH-0000176,PAYREC-000209,BTX-0000176,one_to_one,matched
MATCH-0000177,PAYREC-000210,BTX-0000177,one_to_one,matched
MATCH-0000178,PAYREC-000211,BTX-0000178,one_to_one,matched
MATCH-0000179,PAYREC-000212,BTX-0000179,one_to_one,matched
MATCH-0000180,PAYREC-000213,BTX-0000180,one_to_one,matched
MATCH-0000181,PAYREC-000214,BTX-0000181,one_to_one,matched
MATCH-0000182,PAYREC-000217,BTX-0000182,one_to_one,matched
MATCH-0000183,PAYREC-000218,BTX-0000183,one_to_one,matched
MATCH-0000184,PAYREC-000219,BTX-0000184,one_to_one,matched
MATCH-0000185,PAYREC-000220,BTX-0000185,one_to_one,matched
MATCH-0000186,PAYREC-000221,BTX-0000186,one_to_one,matched
MATCH-0000187,PAYREC-000222,BTX-0000187,one_to_one,matched
MATCH-0000188,PAYREC-000223,BTX-0000188,one_to_one,matched
MATCH-0000189,PAYREC-000224,BTX-0000189,one_to_one,matched
MATCH-0000190,PAYREC-000225,BTX-0000190,one_to_one,matched
MATCH-0000191,PAYREC-000226,BTX-0000191,one_to_one,matched
MATCH-0000192,PAYREC-000227,BTX-0000192,one_to_one,matched
MATCH-0000193,PAYREC-000229,BTX-0000193,one_to_one,matched
MATCH-0000194,PAYREC-000230,BTX-0000194,one_to_one,matched
MATCH-0000195,PAYREC-000231,BTX-0000195,one_to_one,matched
MATCH-0000196,PAYREC-000232,BTX-0000196,one_to_one,matched
MATCH-0000197,PAYREC-000233,BTX-0000197,one_to_one,matched
MATCH-0000198,PAYREC-000234,BTX-0000198,one_to_one,matched
MATCH-0000199,PAYREC-000235,BTX-0000199,one_to_one,matched
MATCH-0000200,PAYREC-000237,BTX-0000200,one_to_one,matched
MATCH-0000201,PAYREC-000238,BTX-0000201,one_to_one,matched
MATCH-0000202,PAYREC-000239,BTX-0000202,one_to_one,matched
MATCH-0000203,PAYREC-000241,BTX-0000203,one_to_one,matched
MATCH-0000204,PAYREC-000242,BTX-0000204,one_to_one,matched
MATCH-0000205,PAYREC-000243,BTX-0000205,one_to_one,matched
MATCH-0000206,PAYREC-000244,BTX-0000206,one_to_one,matched
MATCH-0000207,PAYREC-000245,BTX-0000207,one_to_one,matched
MATCH-0000208,PAYREC-000247,BTX-0000208,one_to_one,matched
MATCH-0000209,PAYREC-000250,BTX-0000209,one_to_one,matched
MATCH-0000210,PAYREC-000253,BTX-0000210,one_to_one,matched
MATCH-0000211,PAYREC-000254,BTX-0000211,one_to_one,matched
MATCH-0000212,PAYREC-000255,BTX-0000212,one_to_one,matched
MATCH-0000213,PAYREC-000256,BTX-0000213,one_to_one,matched
MATCH-0000214,PAYREC-000257,BTX-0000214,one_to_one,matched
MATCH-0000215,PAYREC-000258,BTX-0000215,one_to_one,matched
MATCH-0000216,PAYREC-000259,BTX-0000216,one_to_one,matched
MATCH-0000217,PAYREC-000261,BTX-0000217,one_to_one,matched
MATCH-0000218,PAYREC-000263,BTX-0000218,one_to_one,matched
MATCH-0000219,PAYREC-000264,BTX-0000219,one_to_one,matched
MATCH-0000220,PAYREC-000265,BTX-0000220,one_to_one,matched
MATCH-0000221,PAYREC-000266,BTX-0000221,one_to_one,matched
MATCH-0000222,PAYREC-000267,BTX-0000222,one_to_one,matched
MATCH-0000223,PAYREC-000268,BTX-0000223,one_to_one,matched
MATCH-0000224,PAYREC-000269,BTX-0000224,one_to_one,matched
MATCH-0000225,PAYREC-000270,BTX-0000225,one_to_one,matched
MATCH-0000226,PAYREC-000271,BTX-0000226,one_to_one,matched
MATCH-0000227,PAYREC-000272,BTX-0000227,one_to_one,matched
MATCH-0000228,PAYREC-000273,BTX-0000228,one_to_one,matched
MATCH-0000229,PAYREC-000274,BTX-0000229,one_to_one,matched
MATCH-0000230,PAYREC-000276,BTX-0000230,one_to_one,matched
MATCH-0000231,PAYREC-000278,BTX-0000231,one_to_one,matched
MATCH-0000232,PAYREC-000279,BTX-0000232,one_to_one,matched
MATCH-0000233,PAYREC-000282,BTX-0000233,one_to_one,matched
MATCH-0000234,PAYREC-000283,BTX-0000234,one_to_one,matched
MATCH-0000235,PAYREC-000284,BTX-0000235,one_to_one,matched
MATCH-0000236,PAYREC-000286,BTX-0000236,one_to_one,matched
MATCH-0000237,PAYREC-000287,BTX-0000237,one_to_one,matched
MATCH-0000238,PAYREC-000288,BTX-0000238,one_to_one,matched
MATCH-0000239,PAYREC-000289,BTX-0000239,one_to_one,matched
MATCH-0000240,PAYREC-000290,BTX-0000240,one_to_one,matched
MATCH-0000241,PAYREC-000291,BTX-0000241,one_to_one,matched
MATCH-0000242,PAYREC-000292,BTX-0000242,one_to_one,matched
MATCH-0000243,PAYREC-000295,BTX-0000243,one_to_one,matched
MATCH-0000244,PAYREC-000296,BTX-0000244,one_to_one,matched
MATCH-0000245,PAYREC-000297,BTX-0000245,one_to_one,matched
MATCH-0000246,PAYREC-000298,BTX-0000246,one_to_one,matched
MATCH-0000247,PAYREC-000299,BTX-0000247,one_to_one,matched
MATCH-0000248,PAYREC-000301,BTX-0000248,one_to_one,matched
MATCH-0000249,PAYREC-000302,BTX-0000249,one_to_one,matched
MATCH-0000250,PAYREC-000303,BTX-0000250,one_to_one,matched
MATCH-0000251,PAYREC-000304,BTX-0000251,one_to_one,matched
MATCH-0000252,PAYREC-000305,BTX-0000252,one_to_one,matched
MATCH-0000253,PAYREC-000306,BTX-0000253,one_to_one,matched
MATCH-0000254,PAYREC-000307,BTX-0000254,one_to_one,matched
MATCH-0000255,PAYREC-000308,BTX-0000255,one_to_one,matched
MATCH-0000256,PAYREC-000309,BTX-0000256,one_to_one,matched
MATCH-0000257,PAYREC-000310,BTX-0000257,one_to_one,matched
MATCH-0000258,PAYREC-000311,BTX-0000258,one_to_one,matched
MATCH-0000259,PAYREC-000313,BTX-0000259,one_to_one,matched
MATCH-0000260,PAYREC-000315,BTX-0000260,one_to_one,matched
MATCH-0000261,PAYREC-000316,BTX-0000261,one_to_one,matched
MATCH-0000262,PAYREC-000317,BTX-0000262,one_to_one,matched
MATCH-0000263,PAYREC-000318,BTX-0000263,one_to_one,matched
MATCH-0000264,PAYREC-000319,BTX-0000264,one_to_one,matched
MATCH-0000265,PAYREC-000320,BTX-0000265,one_to_one,matched
MATCH-0000266,PAYREC-000321,BTX-0000266,one_to_one,matched
MATCH-0000267,PAYREC-000323,BTX-0000267,one_to_one,matched
MATCH-0000268,PAYREC-000324,BTX-0000268,one_to_one,matched
MATCH-0000269,PAYREC-000325,BTX-0000269,one_to_one,matched
MATCH-0000270,PAYREC-000326,BTX-0000270,one_to_one,matched
MATCH-0000271,PAYREC-000327,BTX-0000271,one_to_one,matched
MATCH-0000272,PAYREC-000328,BTX-0000272,one_to_one,matched
MATCH-0000273,PAYREC-000329,BTX-0000273,one_to_one,matched
MATCH-0000274,PAYREC-000331,BTX-0000274,one_to_one,matched
MATCH-0000275,PAYREC-000332,BTX-0000275,one_to_one,matched
MATCH-0000276,PAYREC-000333,BTX-0000276,one_to_one,matched
MATCH-0000277,PAYREC-000336,BTX-0000277,one_to_one,matched
MATCH-0000278,PAYREC-000337,BTX-0000278,one_to_one,matched
MATCH-0000279,PAYREC-000338,BTX-0000279,one_to_one,matched
MATCH-0000280,PAYREC-000339,BTX-0000280,one_to_one,matched
MATCH-0000281,PAYREC-000340,BTX-0000281,one_to_one,matched
MATCH-0000282,PAYREC-000341,BTX-0000282,one_to_one,matched
MATCH-0000283,PAYREC-000342,BTX-0000283,one_to_one,matched
MATCH-0000284,PAYREC-000343,BTX-0000284,one_to_one,matched
MATCH-0000285,PAYREC-000345,BTX-0000285,one_to_one,matched
MATCH-0000286,PAYREC-000346,BTX-0000286,one_to_one,matched
MATCH-0000287,PAYREC-000347,BTX-0000287,one_to_one,matched
MATCH-0000288,PAYREC-000348,BTX-0000288,one_to_one,matched
MATCH-0000289,PAYREC-000349,BTX-0000289,one_to_one,matched
MATCH-0000290,PAYREC-000350,BTX-0000290,one_to_one,matched
MATCH-0000291,PAYREC-000351,BTX-0000291,one_to_one,matched
MATCH-0000292,PAYREC-000352,BTX-0000292,one_to_one,matched
MATCH-0000293,PAYREC-000354,BTX-0000293,one_to_one,matched
MATCH-0000294,PAYREC-000355,BTX-0000294,one_to_one,matched
MATCH-0000295,PAYREC-000356,BTX-0000295,one_to_one,matched
MATCH-0000296,PAYREC-000357,BTX-0000296,one_to_one,matched
MATCH-0000297,PAYREC-000359,BTX-0000297,one_to_one,matched
MATCH-0000298,PAYREC-000360,BTX-0000298,one_to_one,matched
MATCH-0000299,PAYREC-000361,BTX-0000299,one_to_one,matched
MATCH-0000300,PAYREC-000362,BTX-0000300,one_to_one,matched
MATCH-0000301,PAYREC-000363,BTX-0000301,one_to_one,matched
MATCH-0000302,PAYREC-000365,BTX-0000302,one_to_one,matched
MATCH-0000303,PAYREC-000366,BTX-0000303,one_to_one,matched
MATCH-0000304,PAYREC-000367,BTX-0000304,one_to_one,matched
MATCH-0000305,PAYREC-000368,BTX-0000305,one_to_one,matched
MATCH-0000306,PAYREC-000369,BTX-0000306,one_to_one,matched
MATCH-0000307,PAYREC-000371,BTX-0000307,one_to_one,matched
MATCH-0000308,PAYREC-000372,BTX-0000308,one_to_one,matched
MATCH-0000309,PAYREC-000373,BTX-0000309,one_to_one,matched
MATCH-0000310,PAYREC-000374,BTX-0000310,one_to_one,matched
MATCH-0000311,PAYREC-000376,BTX-0000311,one_to_one,matched
MATCH-0000312,PAYREC-000377,BTX-0000312,one_to_one,matched
MATCH-0000313,PAYREC-000378,BTX-0000313,one_to_one,matched
MATCH-0000314,PAYREC-000379,BTX-0000314,one_to_one,matched
MATCH-0000315,PAYREC-000381,BTX-0000315,one_to_one,matched
MATCH-0000316,PAYREC-000382,BTX-0000316,one_to_one,matched
MATCH-0000317,PAYREC-000384,BTX-0000317,one_to_one,matched
MATCH-0000318,PAYREC-000385,BTX-0000318,one_to_one,matched
MATCH-0000319,PAYREC-000386,BTX-0000319,one_to_one,matched
MATCH-0000320,PAYREC-000388,BTX-0000320,one_to_one,matched
MATCH-0000321,PAYREC-000389,BTX-0000321,one_to_one,matched
MATCH-0000322,PAYREC-000390,BTX-0000322,one_to_one,matched
MATCH-0000323,PAYREC-000391,BTX-0000323,one_to_one,matched
MATCH-0000324,PAYREC-000392,BTX-0000324,one_to_one,matched
MATCH-0000325,PAYREC-000393,BTX-0000325,one_to_one,matched
MATCH-0000326,PAYREC-000394,BTX-0000326,one_to_one,matched
MATCH-0000327,PAYREC-000395,BTX-0000327,one_to_one,matched
MATCH-0000328,PAYREC-000397,BTX-0000328,one_to_one,matched
MATCH-0000329,PAYREC-000398,BTX-0000329,one_to_one,matched
MATCH-0000330,PAYREC-000400,BTX-0000330,one_to_one,matched
MATCH-0000331,PAYREC-000402,BTX-0000331,one_to_one,matched
MATCH-0000332,PAYREC-000403,BTX-0000332,one_to_one,matched
MATCH-0000333,PAYREC-000405,BTX-0000333,one_to_one,matched
MATCH-0000334,PAYREC-000406,BTX-0000334,one_to_one,matched
MATCH-0000335,PAYREC-000407,BTX-0000335,one_to_one,matched
MATCH-0000336,PAYREC-000408,BTX-0000336,one_to_one,matched
MATCH-0000337,PAYREC-000410,BTX-0000337,one_to_one,matched
MATCH-0000338,PAYREC-000411,BTX-0000338,one_to_one,matched
MATCH-0000339,PAYREC-000412,BTX-0000339,one_to_one,matched
MATCH-0000340,PAYREC-000414,BTX-0000340,one_to_one,matched
MATCH-0000341,PAYREC-000415,BTX-0000341,one_to_one,matched
MATCH-0000342,PAYREC-000416,BTX-0000342,one_to_one,matched
MATCH-0000343,PAYREC-000417,BTX-0000343,one_to_one,matched
MATCH-0000344,PAYREC-000418,BTX-0000344,one_to_one,matched
MATCH-0000345,PAYREC-000419,BTX-0000345,one_to_one,matched
MATCH-0000346,PAYREC-000420,BTX-0000346,one_to_one,matched
MATCH-0000347,PAYREC-000421,BTX-0000347,one_to_one,matched
MATCH-0000348,PAYREC-000424,BTX-0000348,one_to_one,matched
MATCH-0000349,PAYREC-000425,BTX-0000349,one_to_one,matched
MATCH-0000350,PAYREC-000427,BTX-0000350,one_to_one,matched
MATCH-0000351,PAYREC-000428,BTX-0000351,one_to_one,matched
MATCH-0000352,PAYREC-000429,BTX-0000352,one_to_one,matched
MATCH-0000353,PAYREC-000431,BTX-0000353,one_to_one,matched
MATCH-0000354,PAYREC-000432,BTX-0000354,one_to_one,matched
MATCH-0000355,PAYREC-000433,BTX-0000355,one_to_one,matched
MATCH-0000356,PAYREC-000434,BTX-0000356,one_to_one,matched
MATCH-0000357,PAYREC-000435,BTX-0000357,one_to_one,matched
MATCH-0000358,PAYREC-000436,BTX-0000358,one_to_one,matched
MATCH-0000359,PAYREC-000437,BTX-0000359,one_to_one,matched
MATCH-0000360,PAYREC-000438,BTX-0000360,one_to_one,matched
MATCH-0000361,PAYREC-000439,BTX-0000361,one_to_one,matched
MATCH-0000362,PAYREC-000440,BTX-0000362,one_to_one,matched
MATCH-0000363,PAYREC-000441,BTX-0000363,one_to_one,matched
MATCH-0000364,PAYREC-000442,BTX-0000364,one_to_one,matched
MATCH-0000365,PAYREC-000443,BTX-0000365,one_to_one,matched
MATCH-0000366,PAYREC-000444,BTX-0000366,one_to_one,matched
MATCH-0000367,PAYREC-000445,BTX-0000367,one_to_one,matched
MATCH-0000368,PAYREC-000446,BTX-0000368,one_to_one,matched
MATCH-0000369,PAYREC-000447,BTX-0000369,one_to_one,matched
MATCH-0000370,PAYREC-000448,BTX-0000370,one_to_one,matched
MATCH-0000371,PAYREC-000450,BTX-0000371,one_to_one,matched
MATCH-0000372,PAYREC-000451,BTX-0000372,one_to_one,matched
MATCH-0000373,PAYREC-000452,BTX-0000373,one_to_one,matched
MATCH-0000374,PAYREC-000453,BTX-0000374,one_to_one,matched
MATCH-0000375,PAYREC-000454,BTX-0000375,one_to_one,matched
MATCH-0000376,PAYREC-000455,BTX-0000376,one_to_one,matched
MATCH-0000377,PAYREC-000456,BTX-0000377,one_to_one,matched
MATCH-0000378,PAYREC-000457,BTX-0000378,one_to_one,matched
MATCH-0000379,PAYREC-000458,BTX-0000379,one_to_one,matched
MATCH-0000380,PAYREC-000459,BTX-0000380,one_to_one,matched
MATCH-0000381,PAYREC-000460,BTX-0000381,one_to_one,matched
MATCH-0000382,PAYREC-000461,BTX-0000382,one_to_one,matched
MATCH-0000383,PAYREC-000462,BTX-0000383,one_to_one,matched
MATCH-0000384,PAYREC-000463,BTX-0000384,one_to_one,matched
MATCH-0000385,PAYREC-000465,BTX-0000385,one_to_one,matched
MATCH-0000386,PAYREC-000467,BTX-0000386,one_to_one,matched
MATCH-0000387,PAYREC-000468,BTX-0000387,one_to_one,matched
MATCH-0000388,PAYREC-000469,BTX-0000388,one_to_one,matched
MATCH-0000389,PAYREC-000472,BTX-0000389,one_to_one,matched
MATCH-0000390,PAYREC-000473,BTX-0000390,one_to_one,matched
MATCH-0000391,PAYREC-000474,BTX-0000391,one_to_one,matched
MATCH-0000392,PAYREC-000475,BTX-0000392,one_to_one,matched
MATCH-0000393,PAYREC-000476,BTX-0000393,one_to_one,matched
MATCH-0000394,PAYREC-000477,BTX-0000394,one_to_one,matched
MATCH-0000395,PAYREC-000478,BTX-0000395,one_to_one,matched
MATCH-0000396,PAYREC-000479,BTX-0000396,one_to_one,matched
MATCH-0000397,PAYREC-000480,BTX-0000397,one_to_one,matched
MATCH-0000398,PAYREC-000481,BTX-0000398,one_to_one,matched
MATCH-0000399,PAYREC-000482,BTX-0000399,one_to_one,matched
MATCH-0000400,PAYREC-000484,BTX-0000400,one_to_one,matched
MATCH-0000401,PAYREC-000485,BTX-0000401,one_to_one,matched
MATCH-0000402,PAYREC-000486,BTX-0000402,one_to_one,matched
MATCH-0000403,PAYREC-000487,BTX-0000403,one_to_one,matched
MATCH-0000404,PAYREC-000488,BTX-0000404,one_to_one,matched
MATCH-0000405,PAYREC-000489,BTX-0000405,one_to_one,matched
MATCH-0000406,PAYREC-000490,BTX-0000406,one_to_one,matched
MATCH-0000407,PAYREC-000492,BTX-0000407,one_to_one,matched
MATCH-0000408,PAYREC-000493,BTX-0000408,one_to_one,matched
MATCH-0000409,PAYREC-000494,BTX-0000409,one_to_one,matched
MATCH-0000410,PAYREC-000495,BTX-0000410,one_to_one,matched
MATCH-0000411,PAYREC-000496,BTX-0000411,one_to_one,matched
MATCH-0000412,PAYREC-000497,BTX-0000412,one_to_one,matched
MATCH-0000413,PAYREC-000498,BTX-0000413,one_to_one,matched
MATCH-0000414,PAYREC-000499,BTX-0000414,one_to_one,matched
MATCH-0000415,PAYREC-000500,BTX-0000415,one_to_one,matched
MATCH-0000416,PAYREC-000501,BTX-0000416,one_to_one,matched
MATCH-0000417,PAYREC-000502,BTX-0000417,one_to_one,matched
MATCH-0000418,PAYREC-000504,BTX-0000418,one_to_one,matched
MATCH-0000419,PAYREC-000505,BTX-0000419,one_to_one,matched
MATCH-0000420,PAYREC-000506,BTX-0000420,one_to_one,matched
MATCH-0000421,PAYREC-000507,BTX-0000421,one_to_one,matched
MATCH-0000422,PAYREC-000508,BTX-0000422,one_to_one,matched
MATCH-0000423,PAYREC-000509,BTX-0000423,one_to_one,matched
MATCH-0000424,PAYREC-000510,BTX-0000424,one_to_one,matched
MATCH-0000425,PAYREC-000511,BTX-0000425,one_to_one,matched
MATCH-0000426,PAYREC-000512,BTX-0000426,one_to_one,matched
MATCH-0000427,PAYREC-000514,BTX-0000427,one_to_one,matched
MATCH-0000428,PAYREC-000516,BTX-0000428,one_to_one,matched
MATCH-0000429,PAYREC-000517,BTX-0000429,one_to_one,matched
MATCH-0000430,PAYREC-000518,BTX-0000430,one_to_one,matched
MATCH-0000431,PAYREC-000519,BTX-0000431,one_to_one,matched
MATCH-0000432,PAYREC-000520,BTX-0000432,one_to_one,matched
MATCH-0000433,PAYREC-000521,BTX-0000433,one_to_one,matched
MATCH-0000434,PAYREC-000523,BTX-0000434,one_to_one,matched
MATCH-0000435,PAYREC-000524,BTX-0000435,one_to_one,matched
MATCH-0000436,PAYREC-000525,BTX-0000436,one_to_one,matched
MATCH-0000437,PAYREC-000527,BTX-0000437,one_to_one,matched
MATCH-0000438,PAYREC-000528,BTX-0000438,one_to_one,matched
MATCH-0000439,PAYREC-000529,BTX-0000439,one_to_one,matched
MATCH-0000440,PAYREC-000530,BTX-0000440,one_to_one,matched
MATCH-0000441,PAYREC-000531,BTX-0000441,one_to_one,matched
MATCH-0000442,PAYREC-000532,BTX-0000442,one_to_one,matched
MATCH-0000443,PAYREC-000535,BTX-0000443,one_to_one,matched
MATCH-0000444,PAYREC-000537,BTX-0000444,one_to_one,matched
MATCH-0000445,PAYREC-000538,BTX-0000445,one_to_one,matched
MATCH-0000446,PAYREC-000539,BTX-0000446,one_to_one,matched
MATCH-0000447,PAYREC-000541,BTX-0000447,one_to_one,matched
MATCH-0000448,PAYREC-000542,BTX-0000448,one_to_one,matched
MATCH-0000449,PAYREC-000547,BTX-0000449,one_to_one,matched
MATCH-0000450,PAYREC-000548,BTX-0000450,one_to_one,matched
MATCH-0000451,PAYREC-000549,BTX-0000451,one_to_one,matched
MATCH-0000452,PAYREC-000550,BTX-0000452,one_to_one,matched
MATCH-0000453,PAYREC-000552,BTX-0000453,one_to_one,matched
MATCH-0000454,PAYREC-000553,BTX-0000454,one_to_one,matched
MATCH-0000455,PAYREC-000554,BTX-0000455,one_to_one,matched
MATCH-0000456,PAYREC-000555,BTX-0000456,one_to_one,matched
MATCH-0000457,PAYREC-000556,BTX-0000457,one_to_one,matched
MATCH-0000458,PAYREC-000558,BTX-0000458,one_to_one,matched
MATCH-0000459,PAYREC-000560,BTX-0000459,one_to_one,matched
MATCH-0000460,PAYREC-000561,BTX-0000460,one_to_one,matched
MATCH-0000461,PAYREC-000565,BTX-0000461,one_to_one,matched
MATCH-0000462,PAYREC-000567,BTX-0000462,one_to_one,matched
MATCH-0000463,PAYREC-000568,BTX-0000463,one_to_one,matched
MATCH-0000464,PAYREC-000569,BTX-0000464,one_to_one,matched
MATCH-0000465,PAYREC-000570,BTX-0000465,one_to_one,matched
MATCH-0000466,PAYREC-000571,BTX-0000466,one_to_one,matched
MATCH-0000467,PAYREC-000572,BTX-0000467,one_to_one,matched
MATCH-0000468,PAYREC-000573,BTX-0000468,one_to_one,matched
MATCH-0000469,PAYREC-000575,BTX-0000469,one_to_one,matched
MATCH-0000470,PAYREC-000576,BTX-0000470,one_to_one,matched
MATCH-0000471,PAYREC-000577,BTX-0000471,one_to_one,matched
MATCH-0000472,PAYREC-000578,BTX-0000472,one_to_one,matched
MATCH-0000473,PAYREC-000579,BTX-0000473,one_to_one,matched
MATCH-0000474,PAYREC-000580,BTX-0000474,one_to_one,matched
MATCH-0000475,PAYREC-000582,BTX-0000475,one_to_one,matched
MATCH-0000476,PAYREC-000583,BTX-0000476,one_to_one,matched
MATCH-0000477,PAYREC-000585,BTX-0000477,one_to_one,matched
MATCH-0000478,PAYREC-000586,BTX-0000478,one_to_one,matched
MATCH-0000479,PAYREC-000587,BTX-0000479,one_to_one,matched
MATCH-0000480,PAYREC-000588,BTX-0000480,one_to_one,matched
MATCH-0000481,PAYREC-000591,BTX-0000481,one_to_one,matched
MATCH-0000482,PAYREC-000592,BTX-0000482,one_to_one,matched
MATCH-0000483,PAYREC-000593,BTX-0000483,one_to_one,matched
MATCH-0000484,PAYREC-000595,BTX-0000484,one_to_one,matched
MATCH-0000485,PAYREC-000597,BTX-0000485,one_to_one,matched
MATCH-0000486,PAYREC-000598,BTX-0000486,one_to_one,matched
MATCH-0000487,PAYREC-000599,BTX-0000487,one_to_one,matched
MATCH-0000488,PAYREC-000601,BTX-0000488,one_to_one,matched
MATCH-0000489,PAYREC-000608,BTX-0000489,one_to_one,matched
MATCH-0000490,PAYREC-000609,BTX-0000490,one_to_one,matched
MATCH-0000491,PAYREC-000610,BTX-0000491,one_to_one,matched
MATCH-0000492,PAYREC-000611,BTX-0000492,one_to_one,matched
MATCH-0000493,PAYREC-000612,BTX-0000493,one_to_one,matched
MATCH-0000494,PAYREC-000613,BTX-0000494,one_to_one,matched
MATCH-0000495,PAYREC-000614,BTX-0000495,one_to_one,matched
MATCH-0000496,PAYREC-000616,BTX-0000496,one_to_one,matched
MATCH-0000497,PAYREC-000617,BTX-0000497,one_to_one,matched
MATCH-0000498,PAYREC-000619,BTX-0000498,one_to_one,matched
MATCH-0000499,PAYREC-000620,BTX-0000499,one_to_one,matched
MATCH-0000500,PAYREC-000621,BTX-0000500,one_to_one,matched
MATCH-0000501,PAYREC-000622,BTX-0000501,one_to_one,matched
MATCH-0000502,PAYREC-000623,BTX-0000502,one_to_one,matched
MATCH-0000503,PAYREC-000626,BTX-0000503,one_to_one,matched
MATCH-0000504,PAYREC-000627,BTX-0000504,one_to_one,matched
MATCH-0000505,PAYREC-000628,BTX-0000505,one_to_one,matched
MATCH-0000506,PAYREC-000629,BTX-0000506,one_to_one,matched
MATCH-0000507,PAYREC-000630,BTX-0000507,one_to_one,matched
MATCH-0000508,PAYREC-000631,BTX-0000508,one_to_one,matched
MATCH-0000509,PAYREC-000632,BTX-0000509,one_to_one,matched
MATCH-0000510,PAYREC-000633,BTX-0000510,one_to_one,matched
MATCH-0000511,PAYREC-000634,BTX-0000511,one_to_one,matched
MATCH-0000512,PAYREC-000638,BTX-0000512,one_to_one,matched
MATCH-0000513,PAYREC-000639,BTX-0000513,one_to_one,matched
MATCH-0000514,PAYREC-000640,BTX-0000514,one_to_one,matched
MATCH-0000515,PAYREC-000643,BTX-0000515,one_to_one,matched
MATCH-0000516,PAYREC-000644,BTX-0000516,one_to_one,matched
MATCH-0000517,PAYREC-000645,BTX-0000517,one_to_one,matched
MATCH-0000518,PAYREC-000646,BTX-0000518,one_to_one,matched
MATCH-0000519,PAYREC-000647,BTX-0000519,one_to_one,matched
MATCH-0000520,PAYREC-000648,BTX-0000520,one_to_one,matched
MATCH-0000521,PAYREC-000649,BTX-0000521,one_to_one,matched
MATCH-0000522,PAYREC-000650,BTX-0000522,one_to_one,matched
MATCH-0000523,PAYREC-000652,BTX-0000523,one_to_one,matched
MATCH-0000524,PAYREC-000654,BTX-0000524,one_to_one,matched
MATCH-0000525,PAYREC-000655,BTX-0000525,one_to_one,matched
MATCH-0000526,PAYREC-000656,BTX-0000526,one_to_one,matched
MATCH-0000527,PAYREC-000657,BTX-0000527,one_to_one,matched
MATCH-0000528,PAYREC-000658,BTX-0000528,one_to_one,matched
MATCH-0000529,PAYREC-000659,BTX-0000529,one_to_one,matched
MATCH-0000530,PAYREC-000660,BTX-0000530,one_to_one,matched
MATCH-0000531,PAYREC-000661,BTX-0000531,one_to_one,matched
MATCH-0000532,PAYREC-000663,BTX-0000532,one_to_one,matched
MATCH-0000533,PAYREC-000664,BTX-0000533,one_to_one,matched
MATCH-0000534,PAYREC-000665,BTX-0000534,one_to_one,matched
MATCH-0000535,PAYREC-000666,BTX-0000535,one_to_one,matched
MATCH-0000536,PAYREC-000667,BTX-0000536,one_to_one,matched
MATCH-0000537,PAYREC-000668,BTX-0000537,one_to_one,matched
MATCH-0000538,PAYREC-000670,BTX-0000538,one_to_one,matched
MATCH-0000539,PAYREC-000671,BTX-0000539,one_to_one,matched
MATCH-0000540,PAYREC-000672,BTX-0000540,one_to_one,matched
MATCH-0000541,PAYREC-000673,BTX-0000541,one_to_one,matched
MATCH-0000542,PAYREC-000674,BTX-0000542,one_to_one,matched
MATCH-0000543,PAYREC-000675,BTX-0000543,one_to_one,matched
MATCH-0000544,PAYREC-000676,BTX-0000544,one_to_one,matched
MATCH-0000545,PAYREC-000678,BTX-0000545,one_to_one,matched
MATCH-0000546,PAYREC-000679,BTX-0000546,one_to_one,matched
MATCH-0000547,PAYREC-000681,BTX-0000547,one_to_one,matched
MATCH-0000548,PAYREC-000683,BTX-0000548,one_to_one,matched
MATCH-0000549,PAYREC-000685,BTX-0000549,one_to_one,matched
MATCH-0000550,PAYREC-000686,BTX-0000550,one_to_one,matched
MATCH-0000551,PAYREC-000687,BTX-0000551,one_to_one,matched
MATCH-0000552,PAYREC-000689,BTX-0000552,one_to_one,matched
MATCH-0000553,PAYREC-000690,BTX-0000553,one_to_one,matched
MATCH-0000554,PAYREC-000691,BTX-0000554,one_to_one,matched
MATCH-0000555,PAYREC-000692,BTX-0000555,one_to_one,matched
MATCH-0000556,PAYREC-000693,BTX-0000556,one_to_one,matched
MATCH-0000557,PAYREC-000694,BTX-0000557,one_to_one,matched
MATCH-0000558,PAYREC-000695,BTX-0000558,one_to_one,matched
MATCH-0000559,PAYREC-000696,BTX-0000559,one_to_one,matched
MATCH-0000560,PAYREC-000697,BTX-0000560,one_to_one,matched
MATCH-0000561,PAYREC-000698,BTX-0000561,one_to_one,matched
MATCH-0000562,PAYREC-000699,BTX-0000562,one_to_one,matched
MATCH-0000563,PAYREC-000700,BTX-0000563,one_to_one,matched
MATCH-0000564,PAYREC-000701,BTX-0000564,one_to_one,matched
MATCH-0000565,PAYREC-000702,BTX-0000565,one_to_one,matched
MATCH-0000566,PAYREC-000703,BTX-0000566,one_to_one,matched
MATCH-0000567,PAYREC-000704,BTX-0000567,one_to_one,matched
MATCH-0000568,PAYREC-000705,BTX-0000568,one_to_one,matched
MATCH-0000569,PAYREC-000706,BTX-0000569,one_to_one,matched
MATCH-0000570,PAYREC-000707,BTX-0000570,one_to_one,matched
MATCH-0000571,PAYREC-000708,BTX-0000571,one_to_one,matched
MATCH-0000572,PAYREC-000709,BTX-0000572,one_to_one,matched
MATCH-0000573,PAYREC-000710,BTX-0000573,one_to_one,matched
MATCH-0000574,PAYREC-000711,BTX-0000574,one_to_one,matched
MATCH-0000575,PAYREC-000712,BTX-0000575,one_to_one,matched
MATCH-0000576,PAYREC-000713,BTX-0000576,one_to_one,matched
MATCH-0000577,PAYREC-000716,BTX-0000577,one_to_one,matched
MATCH-0000578,PAYREC-000717,BTX-0000578,one_to_one,matched
MATCH-0000579,PAYREC-000718,BTX-0000579,one_to_one,matched
MATCH-0000580,PAYREC-000720,BTX-0000580,one_to_one,matched
MATCH-0000581,PAYREC-000721,BTX-0000581,one_to_one,matched
MATCH-0000582,PAYREC-000722,BTX-0000582,one_to_one,matched
MATCH-0000583,PAYREC-000723,BTX-0000583,one_to_one,matched
MATCH-0000584,PAYREC-000725,BTX-0000584,one_to_one,matched
MATCH-0000585,PAYREC-000726,BTX-0000585,one_to_one,matched
MATCH-0000586,PAYREC-000727,BTX-0000586,one_to_one,matched
MATCH-0000587,PAYREC-000729,BTX-0000587,one_to_one,matched
MATCH-0000588,PAYREC-000730,BTX-0000588,one_to_one,matched
MATCH-0000589,PAYREC-000731,BTX-0000589,one_to_one,matched
MATCH-0000590,PAYREC-000732,BTX-0000590,one_to_one,matched
MATCH-0000591,PAYREC-000733,BTX-0000591,one_to_one,matched
MATCH-0000592,PAYREC-000735,BTX-0000592,one_to_one,matched
MATCH-0000593,PAYREC-000738,BTX-0000593,one_to_one,matched
MATCH-0000594,PAYREC-000739,BTX-0000594,one_to_one,matched
MATCH-0000595,PAYREC-000740,BTX-0000595,one_to_one,matched
MATCH-0000596,PAYREC-000742,BTX-0000596,one_to_one,matched
MATCH-0000597,PAYREC-000743,BTX-0000597,one_to_one,matched
MATCH-0000598,PAYREC-000744,BTX-0000598,one_to_one,matched
MATCH-0000599,PAYREC-000745,BTX-0000599,one_to_one,matched
MATCH-0000600,PAYREC-000747,BTX-0000600,one_to_one,matched
MATCH-0000601,PAYREC-000749,BTX-0000601,one_to_one,matched
MATCH-0000602,PAYREC-000750,BTX-0000602,one_to_one,matched
MATCH-0000603,PAYREC-000752,BTX-0000603,one_to_one,matched
MATCH-0000604,PAYREC-000753,BTX-0000604,one_to_one,matched
MATCH-0000605,PAYREC-000754,BTX-0000605,one_to_one,matched
MATCH-0000606,PAYREC-000755,BTX-0000606,one_to_one,matched
MATCH-0000607,PAYREC-000756,BTX-0000607,one_to_one,matched
MATCH-0000608,PAYREC-000757,BTX-0000608,one_to_one,matched
MATCH-0000609,PAYREC-000759,BTX-0000609,one_to_one,matched
MATCH-0000610,PAYREC-000760,BTX-0000610,one_to_one,matched
MATCH-0000611,PAYREC-000761,BTX-0000611,one_to_one,matched
MATCH-0000612,PAYREC-000763,BTX-0000612,one_to_one,matched
MATCH-0000613,PAYREC-000764,BTX-0000613,one_to_one,matched
MATCH-0000614,PAYREC-000765,BTX-0000614,one_to_one,matched
MATCH-0000615,PAYREC-000766,BTX-0000615,one_to_one,matched
MATCH-0000616,PAYREC-000767,BTX-0000616,one_to_one,matched
MATCH-0000617,PAYREC-000768,BTX-0000617,one_to_one,matched
MATCH-0000618,PAYREC-000769,BTX-0000618,one_to_one,matched
MATCH-0000619,PAYREC-000770,BTX-0000619,one_to_one,matched
MATCH-0000620,PAYREC-000771,BTX-0000620,one_to_one,matched
MATCH-0000621,PAYREC-000772,BTX-0000621,one_to_one,matched
MATCH-0000622,PAYREC-000773,BTX-0000622,one_to_one,matched
MATCH-0000623,PAYREC-000774,BTX-0000623,one_to_one,matched
MATCH-0000624,PAYREC-000775,BTX-0000624,one_to_one,matched
MATCH-0000625,PAYREC-000776,BTX-0000625,one_to_one,matched
MATCH-0000626,PAYREC-000777,BTX-0000626,one_to_one,matched
MATCH-0000627,PAYREC-000778,BTX-0000627,one_to_one,matched
MATCH-0000628,PAYREC-000781,BTX-0000628,one_to_one,matched
MATCH-0000629,PAYREC-000782,BTX-0000629,one_to_one,matched
MATCH-0000630,PAYREC-000783,BTX-0000630,one_to_one,matched
MATCH-0000631,PAYREC-000784,BTX-0000631,one_to_one,matched
MATCH-0000632,PAYREC-000785,BTX-0000632,one_to_one,matched
MATCH-0000633,PAYREC-000786,BTX-0000633,one_to_one,matched
MATCH-0000634,PAYREC-000787,BTX-0000634,one_to_one,matched
MATCH-0000635,PAYREC-000788,BTX-0000635,one_to_one,matched
MATCH-0000636,PAYREC-000789,BTX-0000636,one_to_one,matched
MATCH-0000637,PAYREC-000790,BTX-0000637,one_to_one,matched
MATCH-0000638,PAYREC-000791,BTX-0000638,one_to_one,matched
MATCH-0000639,PAYREC-000792,BTX-0000639,one_to_one,matched
MATCH-0000640,PAYREC-000793,BTX-0000640,one_to_one,matched
MATCH-0000641,PAYREC-000794,BTX-0000641,one_to_one,matched
MATCH-0000642,PAYREC-000795,BTX-0000642,one_to_one,matched
MATCH-0000643,PAYREC-000796,BTX-0000643,one_to_one,matched
MATCH-0000644,PAYREC-000797,BTX-0000644,one_to_one,matched
MATCH-0000645,PAYREC-000798,BTX-0000645,one_to_one,matched
MATCH-0000646,PAYREC-000799,BTX-0000646,one_to_one,matched
MATCH-0000647,PAYREC-000800,BTX-0000647,one_to_one,matched
MATCH-0000648,PAYREC-000801,BTX-0000648,one_to_one,matched
MATCH-0000649,PAYREC-000802,BTX-0000649,one_to_one,matched
MATCH-0000650,PAYREC-000803,BTX-0000650,one_to_one,matched
MATCH-0000651,PAYREC-000804,BTX-0000651,one_to_one,matched
MATCH-0000652,PAYREC-000805,BTX-0000652,one_to_one,matched
MATCH-0000653,PAYREC-000808,BTX-0000653,one_to_one,matched
MATCH-0000654,PAYREC-000809,BTX-0000654,one_to_one,matched
MATCH-0000655,PAYREC-000810,BTX-0000655,one_to_one,matched
MATCH-0000656,PAYREC-000811,BTX-0000656,one_to_one,matched
MATCH-0000657,PAYREC-000813,BTX-0000657,one_to_one,matched
MATCH-0000658,PAYREC-000814,BTX-0000658,one_to_one,matched
MATCH-0000659,PAYREC-000815,BTX-0000659,one_to_one,matched
MATCH-0000660,PAYREC-000816,BTX-0000660,one_to_one,matched
MATCH-0000661,PAYREC-000817,BTX-0000661,one_to_one,matched
MATCH-0000662,PAYREC-000818,BTX-0000662,one_to_one,matched
MATCH-0000663,PAYREC-000819,BTX-0000663,one_to_one,matched
MATCH-0000664,PAYREC-000821,BTX-0000664,one_to_one,matched
MATCH-0000665,PAYREC-000822,BTX-0000665,one_to_one,matched
MATCH-0000666,PAYREC-000823,BTX-0000666,one_to_one,matched
MATCH-0000667,PAYREC-000824,BTX-0000667,one_to_one,matched
MATCH-0000668,PAYREC-000825,BTX-0000668,one_to_one,matched
MATCH-0000669,PAYREC-000826,BTX-0000669,one_to_one,matched
MATCH-0000670,PAYREC-000827,BTX-0000670,one_to_one,matched
MATCH-0000671,PAYREC-000828,BTX-0000671,one_to_one,matched
MATCH-0000672,PAYREC-000830,BTX-0000672,one_to_one,matched
MATCH-0000673,PAYREC-000831,BTX-0000673,one_to_one,matched
MATCH-0000674,PAYREC-000832,BTX-0000674,one_to_one,matched
MATCH-0000675,PAYREC-000833,BTX-0000675,one_to_one,matched
MATCH-0000676,PAYREC-000834,BTX-0000676,one_to_one,matched
MATCH-0000677,PAYREC-000835,BTX-0000677,one_to_one,matched
MATCH-0000678,PAYREC-000836,BTX-0000678,one_to_one,matched
MATCH-0000679,PAYREC-000837,BTX-0000679,one_to_one,matched
MATCH-0000680,PAYREC-000838,BTX-0000680,one_to_one,matched
MATCH-0000681,PAYREC-000839,BTX-0000681,one_to_one,matched
MATCH-0000682,PAYREC-000840,BTX-0000682,one_to_one,matched
MATCH-0000683,PAYREC-000841,BTX-0000683,one_to_one,matched
MATCH-0000684,PAYREC-000842,BTX-0000684,one_to_one,matched
MATCH-0000685,PAYREC-000843,BTX-0000685,one_to_one,matched
MATCH-0000686,PAYREC-000844,BTX-0000686,one_to_one,matched
MATCH-0000687,PAYREC-000846,BTX-0000687,one_to_one,matched
MATCH-0000688,PAYREC-000848,BTX-0000688,one_to_one,matched
MATCH-0000689,PAYREC-000849,BTX-0000689,one_to_one,matched
MATCH-0000690,PAYREC-000850,BTX-0000690,one_to_one,matched
MATCH-0000691,PAYREC-000851,BTX-0000691,one_to_one,matched
MATCH-0000692,PAYREC-000852,BTX-0000692,one_to_one,matched
MATCH-0000693,PAYREC-000853,BTX-0000693,one_to_one,matched
MATCH-0000694,PAYREC-000854,BTX-0000694,one_to_one,matched
MATCH-0000695,PAYREC-000855,BTX-0000695,one_to_one,matched
MATCH-0000696,PAYREC-000856,BTX-0000696,one_to_one,matched
MATCH-0000697,PAYREC-000857,BTX-0000697,one_to_one,matched
MATCH-0000698,PAYREC-000859,BTX-0000698,one_to_one,matched
MATCH-0000699,PAYREC-000860,BTX-0000699,one_to_one,matched
MATCH-0000700,PAYREC-000861,BTX-0000700,one_to_one,matched
MATCH-0000701,PAYREC-000862,BTX-0000701,one_to_one,matched
MATCH-0000702,PAYREC-000863,BTX-0000702,one_to_one,matched
MATCH-0000703,PAYREC-000864,BTX-0000703,one_to_one,matched
MATCH-0000704,PAYREC-000865,BTX-0000704,one_to_one,matched
MATCH-0000705,PAYREC-000866,BTX-0000705,one_to_one,matched
MATCH-0000706,PAYREC-000868,BTX-0000706,one_to_one,matched
MATCH-0000707,PAYREC-000871,BTX-0000707,one_to_one,matched
MATCH-0000708,PAYREC-000872,BTX-0000708,one_to_one,matched
MATCH-0000709,PAYREC-000873,BTX-0000709,one_to_one,matched
MATCH-0000710,PAYREC-000874,BTX-0000710,one_to_one,matched
MATCH-0000711,PAYREC-000875,BTX-0000711,one_to_one,matched
MATCH-0000712,PAYREC-000876,BTX-0000712,one_to_one,matched
MATCH-0000713,PAYREC-000877,BTX-0000713,one_to_one,matched
MATCH-0000714,PAYREC-000878,BTX-0000714,one_to_one,matched
MATCH-0000715,PAYREC-000880,BTX-0000715,one_to_one,matched
MATCH-0000716,PAYREC-000881,BTX-0000716,one_to_one,matched
MATCH-0000717,PAYREC-000882,BTX-0000717,one_to_one,matched
MATCH-0000718,PAYREC-000883,BTX-0000718,one_to_one,matched
MATCH-0000719,PAYREC-000884,BTX-0000719,one_to_one,matched
MATCH-0000720,PAYREC-000885,BTX-0000720,one_to_one,matched
MATCH-0000721,PAYREC-000886,BTX-0000721,one_to_one,matched
MATCH-0000722,PAYREC-000887,BTX-0000722,one_to_one,matched
MATCH-0000723,PAYREC-000888,BTX-0000723,one_to_one,matched
MATCH-0000724,PAYREC-000889,BTX-0000724,one_to_one,matched
MATCH-0000725,PAYREC-000890,BTX-0000725,one_to_one,matched
MATCH-0000726,PAYREC-000891,BTX-0000726,one_to_one,matched
MATCH-0000727,PAYREC-000892,BTX-0000727,one_to_one,matched
MATCH-0000728,PAYREC-000893,BTX-0000728,one_to_one,matched
MATCH-0000729,PAYREC-000894,BTX-0000729,one_to_one,matched
MATCH-0000730,PAYREC-000895,BTX-0000730,one_to_one,matched
MATCH-0000731,PAYREC-000896,BTX-0000731,one_to_one,matched
MATCH-0000732,PAYREC-000897,BTX-0000732,one_to_one,matched
MATCH-0000733,PAYREC-000900,BTX-0000733,one_to_one,matched
MATCH-0000734,PAYREC-000902,BTX-0000734,one_to_one,matched
MATCH-0000735,PAYREC-000904,BTX-0000735,one_to_one,matched
MATCH-0000736,PAYREC-000907,BTX-0000736,one_to_one,matched
MATCH-0000737,PAYREC-000908,BTX-0000737,one_to_one,matched
MATCH-0000738,PAYREC-000909,BTX-0000738,one_to_one,matched
MATCH-0000739,PAYREC-000911,BTX-0000739,one_to_one,matched
MATCH-0000740,PAYREC-000912,BTX-0000740,one_to_one,matched
MATCH-0000741,PAYREC-000914,BTX-0000741,one_to_one,matched
MATCH-0000742,PAYREC-000915,BTX-0000742,one_to_one,matched
MATCH-0000743,PAYREC-000916,BTX-0000743,one_to_one,matched
MATCH-0000744,PAYREC-000917,BTX-0000744,one_to_one,matched
MATCH-0000745,PAYREC-000918,BTX-0000745,one_to_one,matched
MATCH-0000746,PAYREC-000919,BTX-0000746,one_to_one,matched
MATCH-0000747,PAYREC-000920,BTX-0000747,one_to_one,matched
MATCH-0000748,PAYREC-000921,BTX-0000748,one_to_one,matched
MATCH-0000749,PAYREC-000922,BTX-0000749,one_to_one,matched
MATCH-0000750,PAYREC-000923,BTX-0000750,one_to_one,matched
MATCH-0000751,PAYREC-000924,BTX-0000751,one_to_one,matched
MATCH-0000752,PAYREC-000925,BTX-0000752,one_to_one,matched
MATCH-0000753,PAYREC-000926,BTX-0000753,one_to_one,matched
MATCH-0000754,PAYREC-000927,BTX-0000754,one_to_one,matched
MATCH-0000755,PAYREC-000928,BTX-0000755,one_to_one,matched
MATCH-0000756,PAYREC-000929,BTX-0000756,one_to_one,matched
MATCH-0000757,PAYREC-000931,BTX-0000757,one_to_one,matched
MATCH-0000758,PAYREC-000932,BTX-0000758,one_to_one,matched
MATCH-0000759,PAYREC-000934,BTX-0000759,one_to_one,matched
MATCH-0000760,PAYREC-000935,BTX-0000760,one_to_one,matched
MATCH-0000761,PAYREC-000936,BTX-0000761,one_to_one,matched
MATCH-0000762,PAYREC-000937,BTX-0000762,one_to_one,matched
MATCH-0000763,PAYREC-000938,BTX-0000763,one_to_one,matched
MATCH-0000764,PAYREC-000941,BTX-0000764,one_to_one,matched
MATCH-0000765,PAYREC-000942,BTX-0000765,one_to_one,matched
MATCH-0000766,PAYREC-000943,BTX-0000766,one_to_one,matched
MATCH-0000767,PAYREC-000945,BTX-0000767,one_to_one,matched
MATCH-0000768,PAYREC-000946,BTX-0000768,one_to_one,matched
MATCH-0000769,PAYREC-000947,BTX-0000769,one_to_one,matched
MATCH-0000770,PAYREC-000948,BTX-0000770,one_to_one,matched
MATCH-0000771,PAYREC-000949,BTX-0000771,one_to_one,matched
MATCH-0000772,PAYREC-000950,BTX-0000772,one_to_one,matched
MATCH-0000773,PAYREC-000952,BTX-0000773,one_to_one,matched
MATCH-0000774,PAYREC-000953,BTX-0000774,one_to_one,matched
MATCH-0000775,PAYREC-000954,BTX-0000775,one_to_one,matched
MATCH-0000776,PAYREC-000955,BTX-0000776,one_to_one,matched
MATCH-0000777,PAYREC-000956,BTX-0000777,one_to_one,matched
MATCH-0000778,PAYREC-000957,BTX-0000778,one_to_one,matched
MATCH-0000779,PAYREC-000958,BTX-0000779,one_to_one,matched
MATCH-0000780,PAYREC-000959,BTX-0000780,one_to_one,matched
MATCH-0000781,PAYREC-000960,BTX-0000781,one_to_one,matched
MATCH-0000782,PAYREC-000961,BTX-0000782,one_to_one,matched
MATCH-0000783,PAYREC-000962,BTX-0000783,one_to_one,matched
MATCH-0000784,PAYREC-000963,BTX-0000784,one_to_one,matched
MATCH-0000785,PAYREC-000964,BTX-0000785,one_to_one,matched
MATCH-0000786,PAYREC-000965,BTX-0000786,one_to_one,matched
MATCH-0000787,PAYREC-000966,BTX-0000787,one_to_one,matched
MATCH-0000788,PAYREC-000967,BTX-0000788,one_to_one,matched
MATCH-0000789,PAYREC-000968,BTX-0000789,one_to_one,matched
MATCH-0000790,PAYREC-000969,BTX-0000790,one_to_one,matched
MATCH-0000791,PAYREC-000970,BTX-0000791,one_to_one,matched
MATCH-0000792,PAYREC-000971,BTX-0000792,one_to_one,matched
MATCH-0000793,PAYREC-000972,BTX-0000793,one_to_one,matched
MATCH-0000794,PAYREC-000973,BTX-0000794,one_to_one,matched
MATCH-0000795,PAYREC-000974,BTX-0000795,one_to_one,matched
MATCH-0000796,PAYREC-000975,BTX-0000796,one_to_one,matched
MATCH-0000797,PAYREC-000977,BTX-0000797,one_to_one,matched
MATCH-0000798,PAYREC-000978,BTX-0000798,one_to_one,matched
MATCH-0000799,PAYREC-000979,BTX-0000799,one_to_one,matched
MATCH-0000800,PAYREC-000980,BTX-0000800,one_to_one,matched
MATCH-0000801,PAYREC-000981,BTX-0000801,one_to_one,matched
MATCH-0000802,PAYREC-000982,BTX-0000802,one_to_one,matched
MATCH-0000803,PAYREC-000983,BTX-0000803,one_to_one,matched
MATCH-0000804,PAYREC-000984,BTX-0000804,one_to_one,matched
MATCH-0000805,PAYREC-000985,BTX-0000805,one_to_one,matched
MATCH-0000806,PAYREC-000986,BTX-0000806,one_to_one,matched
MATCH-0000807,PAYREC-000987,BTX-0000807,one_to_one,matched
MATCH-0000808,PAYREC-000988,BTX-0000808,one_to_one,matched
MATCH-0000809,PAYREC-000990,BTX-0000809,one_to_one,matched
MATCH-0000810,PAYREC-000994,BTX-0000810,one_to_one,matched
MATCH-0000811,PAYREC-000996,BTX-0000811,one_to_one,matched
MATCH-0000812,PAYREC-000997,BTX-0000812,one_to_one,matched
MATCH-0000813,PAYREC-000998,BTX-0000813,one_to_one,matched
MATCH-0000814,PAYREC-001000,BTX-0000814,one_to_one,matched
MATCH-0000815,PAYREC-001001,BTX-0000815,one_to_one,matched
MATCH-0000816,PAYREC-001002,BTX-0000816,one_to_one,matched
MATCH-0000817,PAYREC-001003,BTX-0000817,one_to_one,matched
MATCH-0000818,PAYREC-001004,BTX-0000818,one_to_one,matched
MATCH-0000819,PAYREC-001005,BTX-0000819,one_to_one,matched
MATCH-0000820,PAYREC-001008,BTX-0000820,one_to_one,matched
MATCH-0000821,PAYREC-001009,BTX-0000821,one_to_one,matched
MATCH-0000822,PAYREC-001010,BTX-0000822,one_to_one,matched
MATCH-0000823,PAYREC-001011,BTX-0000823,one_to_one,matched
MATCH-0000824,PAYREC-001012,BTX-0000824,one_to_one,matched
MATCH-0000825,PAYREC-001013,BTX-0000825,one_to_one,matched
MATCH-0000826,PAYREC-001014,BTX-0000826,one_to_one,matched
MATCH-0000827,PAYREC-001015,BTX-0000827,one_to_one,matched
MATCH-0000828,PAYREC-001016,BTX-0000828,one_to_one,matched
MATCH-0000829,PAYREC-001017,BTX-0000829,one_to_one,matched
MATCH-0000830,PAYREC-001018,BTX-0000830,one_to_one,matched
MATCH-0000831,PAYREC-001019,BTX-0000831,one_to_one,matched
MATCH-0000832,PAYREC-001020,BTX-0000832,one_to_one,matched
MATCH-0000833,PAYREC-001021,BTX-0000833,one_to_one,matched
MATCH-0000834,PAYREC-001022,BTX-0000834,one_to_one,matched
MATCH-0000835,PAYREC-001023,BTX-0000835,one_to_one,matched
MATCH-0000836,PAYREC-001024,BTX-0000836,one_to_one,matched
MATCH-0000837,PAYREC-001025,BTX-0000837,one_to_one,matched
MATCH-0000838,PAYREC-001026,BTX-0000838,one_to_one,matched
MATCH-0000839,PAYREC-001027,BTX-0000839,one_to_one,matched
MATCH-0000840,PAYREC-001029,BTX-0000840,one_to_one,matched
MATCH-0000841,PAYREC-001031,BTX-0000841,one_to_one,matched
MATCH-0000842,PAYREC-001032,BTX-0000842,one_to_one,matched
MATCH-0000843,PAYREC-001034,BTX-0000843,one_to_one,matched
MATCH-0000844,PAYREC-001035,BTX-0000844,one_to_one,matched
MATCH-0000845,PAYREC-001036,BTX-0000845,one_to_one,matched
MATCH-0000846,PAYREC-001037,BTX-0000846,one_to_one,matched
MATCH-0000847,PAYREC-001040,BTX-0000847,one_to_one,matched
MATCH-0000848,PAYREC-001042,BTX-0000848,one_to_one,matched
MATCH-0000849,PAYREC-001043,BTX-0000849,one_to_one,matched
MATCH-0000850,PAYREC-001044,BTX-0000850,one_to_one,matched
MATCH-0000851,PAYREC-001045,BTX-0000851,one_to_one,matched
MATCH-0000852,PAYREC-001046,BTX-0000852,one_to_one,matched
MATCH-0000853,PAYREC-001047,BTX-0000853,one_to_one,matched
MATCH-0000854,PAYREC-001048,BTX-0000854,one_to_one,matched
MATCH-0000855,PAYREC-001050,BTX-0000855,one_to_one,matched
MATCH-0000856,PAYREC-001051,BTX-0000856,one_to_one,matched
MATCH-0000857,PAYREC-001052,BTX-0000857,one_to_one,matched
MATCH-0000858,PAYREC-001053,BTX-0000858,one_to_one,matched
MATCH-0000859,PAYREC-001055,BTX-0000859,one_to_one,matched
MATCH-0000860,PAYREC-001057,BTX-0000860,one_to_one,matched
MATCH-0000861,PAYREC-001060,BTX-0000861,one_to_one,matched
MATCH-0000862,PAYREC-001062,BTX-0000862,one_to_one,matched
MATCH-0000863,PAYREC-001063,BTX-0000863,one_to_one,matched
MATCH-0000864,PAYREC-001065,BTX-0000864,one_to_one,matched
MATCH-0000865,PAYREC-001067,BTX-0000865,one_to_one,matched
MATCH-0000866,PAYREC-001068,BTX-0000866,one_to_one,matched
MATCH-0000867,PAYREC-001069,BTX-0000867,one_to_one,matched
MATCH-0000868,PAYREC-001070,BTX-0000868,one_to_one,matched
MATCH-0000869,PAYREC-001071,BTX-0000869,one_to_one,matched
MATCH-0000870,PAYREC-001072,BTX-0000870,one_to_one,matched
MATCH-0000871,PAYREC-001073,BTX-0000871,one_to_one,matched
MATCH-0000872,PAYREC-001074,BTX-0000872,one_to_one,matched
MATCH-0000873,PAYREC-001075,BTX-0000873,one_to_one,matched
MATCH-0000874,PAYREC-001076,BTX-0000874,one_to_one,matched
MATCH-0000875,PAYREC-001078,BTX-0000875,one_to_one,matched
MATCH-0000876,PAYREC-001079,BTX-0000876,one_to_one,matched
MATCH-0000877,PAYREC-001081,BTX-0000877,one_to_one,matched
MATCH-0000878,PAYREC-001082,BTX-0000878,one_to_one,matched
MATCH-0000879,PAYREC-001083,BTX-0000879,one_to_one,matched
MATCH-0000880,PAYREC-001085,BTX-0000880,one_to_one,matched
MATCH-0000881,PAYREC-001086,BTX-0000881,one_to_one,matched
MATCH-0000882,PAYREC-001087,BTX-0000882,one_to_one,matched
MATCH-0000883,PAYREC-001088,BTX-0000883,one_to_one,matched
MATCH-0000884,PAYREC-001089,BTX-0000884,one_to_one,matched
MATCH-0000885,PAYREC-001090,BTX-0000885,one_to_one,matched
MATCH-0000886,PAYREC-001091,BTX-0000886,one_to_one,matched
MATCH-0000887,PAYREC-001092,BTX-0000887,one_to_one,matched
MATCH-0000888,PAYREC-001094,BTX-0000888,one_to_one,matched
MATCH-0000889,PAYREC-001095,BTX-0000889,one_to_one,matched
MATCH-0000890,PAYREC-001097,BTX-0000890,one_to_one,matched
MATCH-0000891,PAYREC-001099,BTX-0000891,one_to_one,matched
MATCH-0000892,PAYREC-001100,BTX-0000892,one_to_one,matched
MATCH-0000893,PAYREC-001102,BTX-0000893,one_to_one,matched
MATCH-0000894,PAYREC-001103,BTX-0000894,one_to_one,matched
MATCH-0000895,PAYREC-001104,BTX-0000895,one_to_one,matched
MATCH-0000896,PAYREC-001105,BTX-0000896,one_to_one,matched
MATCH-0000897,PAYREC-001106,BTX-0000897,one_to_one,matched
MATCH-0000898,PAYREC-001107,BTX-0000898,one_to_one,matched
MATCH-0000899,PAYREC-001110,BTX-0000899,one_to_one,matched
MATCH-0000900,PAYREC-001111,BTX-0000900,one_to_one,matched
MATCH-0000901,PAYREC-001112,BTX-0000901,one_to_one,matched
MATCH-0000902,PAYREC-001114,BTX-0000902,one_to_one,matched
MATCH-0000903,PAYREC-001115,BTX-0000903,one_to_one,matched
MATCH-0000904,PAYREC-001116,BTX-0000904,one_to_one,matched
MATCH-0000905,PAYREC-001118,BTX-0000905,one_to_one,matched
MATCH-0000906,PAYREC-001119,BTX-0000906,one_to_one,matched
MATCH-0000907,PAYREC-001120,BTX-0000907,one_to_one,matched
MATCH-0000908,PAYREC-001121,BTX-0000908,one_to_one,matched
MATCH-0000909,PAYREC-001122,BTX-0000909,one_to_one,matched
MATCH-0000910,PAYREC-001124,BTX-0000910,one_to_one,matched
MATCH-0000911,PAYREC-001126,BTX-0000911,one_to_one,matched
MATCH-0000912,PAYREC-001127,BTX-0000912,one_to_one,matched
MATCH-0000913,PAYREC-001128,BTX-0000913,one_to_one,matched
MATCH-0000914,PAYREC-001130,BTX-0000914,one_to_one,matched
MATCH-0000915,PAYREC-001131,BTX-0000915,one_to_one,matched
MATCH-0000916,PAYREC-001132,BTX-0000916,one_to_one,matched
MATCH-0000917,PAYREC-001133,BTX-0000917,one_to_one,matched
MATCH-0000918,PAYREC-001138,BTX-0000918,one_to_one,matched
MATCH-0000919,PAYREC-001139,BTX-0000919,one_to_one,matched
MATCH-0000920,PAYREC-001140,BTX-0000920,one_to_one,matched
MATCH-0000921,PAYREC-001141,BTX-0000921,one_to_one,matched
MATCH-0000922,PAYREC-001142,BTX-0000922,one_to_one,matched
MATCH-0000923,PAYREC-001143,BTX-0000923,one_to_one,matched
MATCH-0000924,PAYREC-001144,BTX-0000924,one_to_one,matched
MATCH-0000925,PAYREC-001145,BTX-0000925,one_to_one,matched
MATCH-0000926,PAYREC-001146,BTX-0000926,one_to_one,matched
MATCH-0000927,PAYREC-001149,BTX-0000927,one_to_one,matched
MATCH-0000928,PAYREC-001150,BTX-0000928,one_to_one,matched
MATCH-0000929,PAYREC-001151,BTX-0000929,one_to_one,matched
MATCH-0000930,PAYREC-001152,BTX-0000930,one_to_one,matched
MATCH-0000931,PAYREC-001153,BTX-0000931,one_to_one,matched
MATCH-0000932,PAYREC-001156,BTX-0000932,one_to_one,matched
MATCH-0000933,PAYREC-001158,BTX-0000933,one_to_one,matched
MATCH-0000934,PAYREC-001159,BTX-0000934,one_to_one,matched
MATCH-0000935,PAYREC-001161,BTX-0000935,one_to_one,matched
MATCH-0000936,PAYREC-001162,BTX-0000936,one_to_one,matched
MATCH-0000937,PAYREC-001163,BTX-0000937,one_to_one,matched
MATCH-0000938,PAYREC-001164,BTX-0000938,one_to_one,matched
MATCH-0000939,PAYREC-001165,BTX-0000939,one_to_one,matched
MATCH-0000940,PAYREC-001166,BTX-0000940,one_to_one,matched
MATCH-0000941,PAYREC-001167,BTX-0000941,one_to_one,matched
MATCH-0000942,PAYREC-001168,BTX-0000942,one_to_one,matched
MATCH-0000943,PAYREC-001169,BTX-0000943,one_to_one,matched
MATCH-0000944,PAYREC-001170,BTX-0000944,one_to_one,matched
MATCH-0000945,PAYREC-001173,BTX-0000945,one_to_one,matched
MATCH-0000946,PAYREC-001174,BTX-0000946,one_to_one,matched
MATCH-0000947,PAYREC-001175,BTX-0000947,one_to_one,matched
MATCH-0000948,PAYREC-001176,BTX-0000948,one_to_one,matched
MATCH-0000949,PAYREC-001177,BTX-0000949,one_to_one,matched
MATCH-0000950,PAYREC-001178,BTX-0000950,one_to_one,matched
MATCH-0000951,PAYREC-001179,BTX-0000951,one_to_one,matched
MATCH-0000952,PAYREC-001180,BTX-0000952,one_to_one,matched
MATCH-0000953,PAYREC-001181,BTX-0000953,one_to_one,matched
MATCH-0000954,PAYREC-001182,BTX-0000954,one_to_one,matched
MATCH-0000955,PAYREC-001183,BTX-0000955,one_to_one,matched
MATCH-0000956,PAYREC-001184,BTX-0000956,one_to_one,matched
MATCH-0000957,PAYREC-001185,BTX-0000957,one_to_one,matched
MATCH-0000958,PAYREC-001186,BTX-0000958,one_to_one,matched
MATCH-0000959,PAYREC-001187,BTX-0000959,one_to_one,matched
MATCH-0000960,PAYREC-001188,BTX-0000960,one_to_one,matched
MATCH-0000961,PAYREC-001190,BTX-0000961,one_to_one,matched
MATCH-0000962,PAYREC-001191,BTX-0000962,one_to_one,matched
MATCH-0000963,PAYREC-001192,BTX-0000963,one_to_one,matched
MATCH-0000964,PAYREC-001193,BTX-0000964,one_to_one,matched
MATCH-0000965,PAYREC-001194,BTX-0000965,one_to_one,matched
MATCH-0000966,PAYREC-001195,BTX-0000966,one_to_one,matched
MATCH-0000967,PAYREC-001196,BTX-0000967,one_to_one,matched
MATCH-0000968,PAYREC-001197,BTX-0000968,one_to_one,matched
MATCH-0000969,PAYREC-001198,BTX-0000969,one_to_one,matched
MATCH-0000970,PAYREC-001201,BTX-0000970,one_to_one,matched
MATCH-0000971,PAYREC-001202,BTX-0000971,one_to_one,matched
MATCH-0000972,PAYREC-001203,BTX-0000972,one_to_one,matched
MATCH-0000973,PAYREC-001204,BTX-0000973,one_to_one,matched
MATCH-0000974,PAYREC-001205,BTX-0000974,one_to_one,matched
MATCH-0000975,PAYREC-001206,BTX-0000975,one_to_one,matched
MATCH-0000976,PAYREC-001207,BTX-0000976,one_to_one,matched
MATCH-0000977,PAYREC-001208,BTX-0000977,one_to_one,matched
MATCH-0000978,PAYREC-001209,BTX-0000978,one_to_one,matched
MATCH-0000979,PAYREC-001210,BTX-0000979,one_to_one,matched
MATCH-0000980,PAYREC-001211,BTX-0000980,one_to_one,matched
MATCH-0000981,PAYREC-001212,BTX-0000981,one_to_one,matched
MATCH-0000982,PAYREC-001213,BTX-0000982,one_to_one,matched
MATCH-0000983,PAYREC-001214,BTX-0000983,one_to_one,matched
MATCH-0000984,PAYREC-001216,BTX-0000984,one_to_one,matched
MATCH-0000985,PAYREC-001217,BTX-0000985,one_to_one,matched
MATCH-0000986,PAYREC-001218,BTX-0000986,one_to_one,matched
MATCH-0000987,PAYREC-001219,BTX-0000987,one_to_one,matched
MATCH-0000988,PAYREC-001220,BTX-0000988,one_to_one,matched
MATCH-0000989,PAYREC-001221,BTX-0000989,one_to_one,matched
MATCH-0000990,PAYREC-001222,BTX-0000990,one_to_one,matched
MATCH-0000991,PAYREC-001223,BTX-0000991,one_to_one,matched
MATCH-0000992,PAYREC-001225,BTX-0000992,one_to_one,matched
MATCH-0000993,PAYREC-001226,BTX-0000993,one_to_one,matched
MATCH-0000994,PAYREC-001227,BTX-0000994,one_to_one,matched
MATCH-0000995,PAYREC-001228,BTX-0000995,one_to_one,matched
MATCH-0000996,PAYREC-001229,BTX-0000996,one_to_one,matched
MATCH-0000997,PAYREC-001230,BTX-0000997,one_to_one,matched
MATCH-0000998,PAYREC-001231,BTX-0000998,one_to_one,matched
MATCH-0000999,PAYREC-001232,BTX-0000999,one_to_one,matched
MATCH-0001000,PAYREC-001234,BTX-0001000,one_to_one,matched
MATCH-0001001,PAYREC-001235,BTX-0001001,one_to_one,matched
MATCH-0001002,PAYREC-001236,BTX-0001002,one_to_one,matched
MATCH-0001003,PAYREC-001237,BTX-0001003,one_to_one,matched
MATCH-0001004,PAYREC-001238,BTX-0001004,one_to_one,matched
MATCH-0001005,PAYREC-001240,BTX-0001005,one_to_one,matched
MATCH-0001006,PAYREC-001241,BTX-0001006,one_to_one,matched
MATCH-0001007,PAYREC-001242,BTX-0001007,one_to_one,matched
MATCH-0001008,PAYREC-001243,BTX-0001008,one_to_one,matched
MATCH-0001009,PAYREC-001244,BTX-0001009,one_to_one,matched
MATCH-0001010,PAYREC-001245,BTX-0001010,one_to_one,matched
MATCH-0001011,PAYREC-001246,BTX-0001011,one_to_one,matched
MATCH-0001012,PAYREC-001247,BTX-0001012,one_to_one,matched
MATCH-0001013,PAYREC-001248,BTX-0001013,one_to_one,matched
MATCH-0001014,PAYREC-001250,BTX-0001014,one_to_one,matched
MATCH-0001015,PAYREC-001251,BTX-0001015,one_to_one,matched
MATCH-0001016,PAYREC-001252,BTX-0001016,one_to_one,matched
MATCH-0001017,PAYREC-001253,BTX-0001017,one_to_one,matched
MATCH-0001018,PAYREC-001254,BTX-0001018,one_to_one,matched
MATCH-0001019,PAYREC-001256,BTX-0001019,one_to_one,matched
MATCH-0001020,PAYREC-001257,BTX-0001020,one_to_one,matched
MATCH-0001021,PAYREC-001259,BTX-0001021,one_to_one,matched
MATCH-0001022,PAYREC-001261,BTX-0001022,one_to_one,matched
MATCH-0001023,PAYREC-001264,BTX-0001023,one_to_one,matched
MATCH-0001024,PAYREC-001266,BTX-0001024,one_to_one,matched
MATCH-0001025,PAYREC-001267,BTX-0001025,one_to_one,matched
MATCH-0001026,PAYREC-001268,BTX-0001026,one_to_one,matched
MATCH-0001027,PAYREC-001269,BTX-0001027,one_to_one,matched
MATCH-0001028,PAYREC-001271,BTX-0001028,one_to_one,matched
MATCH-0001029,PAYREC-001273,BTX-0001029,one_to_one,matched
MATCH-0001030,PAYREC-001275,BTX-0001030,one_to_one,matched
MATCH-0001031,PAYREC-001276,BTX-0001031,one_to_one,matched
MATCH-0001032,PAYREC-001277,BTX-0001032,one_to_one,matched
MATCH-0001033,PAYREC-001278,BTX-0001033,one_to_one,matched
MATCH-0001034,PAYREC-001279,BTX-0001034,one_to_one,matched
MATCH-0001035,PAYREC-001280,BTX-0001035,one_to_one,matched
MATCH-0001036,PAYREC-001281,BTX-0001036,one_to_one,matched
MATCH-0001037,PAYREC-001282,BTX-0001037,one_to_one,matched
MATCH-0001038,PAYREC-001283,BTX-0001038,one_to_one,matched
MATCH-0001039,PAYREC-001284,BTX-0001039,one_to_one,matched
MATCH-0001040,PAYREC-001285,BTX-0001040,one_to_one,matched
MATCH-0001041,PAYREC-001286,BTX-0001041,one_to_one,matched
MATCH-0001042,PAYREC-001287,BTX-0001042,one_to_one,matched
MATCH-0001043,PAYREC-001288,BTX-0001043,one_to_one,matched
MATCH-0001044,PAYREC-001292,BTX-0001044,one_to_one,matched
MATCH-0001045,PAYREC-001293,BTX-0001045,one_to_one,matched
MATCH-0001046,PAYREC-001294,BTX-0001046,one_to_one,matched
MATCH-0001047,PAYREC-001296,BTX-0001047,one_to_one,matched
MATCH-0001048,PAYREC-001297,BTX-0001048,one_to_one,matched
MATCH-0001049,PAYREC-001298,BTX-0001049,one_to_one,matched
MATCH-0001050,PAYREC-001299,BTX-0001050,one_to_one,matched
MATCH-0001051,PAYREC-001300,BTX-0001051,one_to_one,matched
MATCH-0001052,PAYREC-001301,BTX-0001052,one_to_one,matched
MATCH-0001053,PAYREC-001303,BTX-0001053,one_to_one,matched
MATCH-0001054,PAYREC-001304,BTX-0001054,one_to_one,matched
MATCH-0001055,PAYREC-001305,BTX-0001055,one_to_one,matched
MATCH-0001056,PAYREC-001306,BTX-0001056,one_to_one,matched
MATCH-0001057,PAYREC-001307,BTX-0001057,one_to_one,matched
MATCH-0001058,PAYREC-001308,BTX-0001058,one_to_one,matched
MATCH-0001059,PAYREC-001309,BTX-0001059,one_to_one,matched
MATCH-0001060,PAYREC-001310,BTX-0001060,one_to_one,matched
MATCH-0001061,PAYREC-001311,BTX-0001061,one_to_one,matched
MATCH-0001062,PAYREC-001312,BTX-0001062,one_to_one,matched
MATCH-0001063,PAYREC-001313,BTX-0001063,one_to_one,matched
MATCH-0001064,PAYREC-001316,BTX-0001064,one_to_one,matched
MATCH-0001065,PAYREC-001317,BTX-0001065,one_to_one,matched
MATCH-0001066,PAYREC-001318,BTX-0001066,one_to_one,matched
MATCH-0001067,PAYREC-001319,BTX-0001067,one_to_one,matched
MATCH-0001068,PAYREC-001320,BTX-0001068,one_to_one,matched
MATCH-0001069,PAYREC-001322,BTX-0001069,one_to_one,matched
MATCH-0001070,PAYREC-001323,BTX-0001070,one_to_one,matched
MATCH-0001071,PAYREC-001324,BTX-0001071,one_to_one,matched
MATCH-0001072,PAYREC-001325,BTX-0001072,one_to_one,matched
MATCH-0001073,PAYREC-001327,BTX-0001073,one_to_one,matched
MATCH-0001074,PAYREC-001329,BTX-0001074,one_to_one,matched
MATCH-0001075,PAYREC-001330,BTX-0001075,one_to_one,matched
MATCH-0001076,PAYREC-001331,BTX-0001076,one_to_one,matched
MATCH-0001077,PAYREC-001334,BTX-0001077,one_to_one,matched
MATCH-0001078,PAYREC-001335,BTX-0001078,one_to_one,matched
MATCH-0001079,PAYREC-001336,BTX-0001079,one_to_one,matched
MATCH-0001080,PAYREC-001337,BTX-0001080,one_to_one,matched
MATCH-0001081,PAYREC-001338,BTX-0001081,one_to_one,matched
MATCH-0001082,PAYREC-001339,BTX-0001082,one_to_one,matched
MATCH-0001083,PAYREC-001340,BTX-0001083,one_to_one,matched
MATCH-0001084,PAYREC-001342,BTX-0001084,one_to_one,matched
MATCH-0001085,PAYREC-001343,BTX-0001085,one_to_one,matched
MATCH-0001086,PAYREC-001344,BTX-0001086,one_to_one,matched
MATCH-0001087,PAYREC-001345,BTX-0001087,one_to_one,matched
MATCH-0001088,PAYREC-001346,BTX-0001088,one_to_one,matched
MATCH-0001089,PAYREC-001348,BTX-0001089,one_to_one,matched
MATCH-0001090,PAYREC-001349,BTX-0001090,one_to_one,matched
MATCH-0001091,PAYREC-001350,BTX-0001091,one_to_one,matched
MATCH-0001092,PAYREC-001351,BTX-0001092,one_to_one,matched
MATCH-0001093,PAYREC-001352,BTX-0001093,one_to_one,matched
MATCH-0001094,PAYREC-001353,BTX-0001094,one_to_one,matched
MATCH-0001095,PAYREC-001354,BTX-0001095,one_to_one,matched
MATCH-0001096,PAYREC-001355,BTX-0001096,one_to_one,matched
MATCH-0001097,PAYREC-001356,BTX-0001097,one_to_one,matched
MATCH-0001098,PAYREC-001357,BTX-0001098,one_to_one,matched
MATCH-0001099,PAYREC-001358,BTX-0001099,one_to_one,matched
MATCH-0001100,PAYREC-001359,BTX-0001100,one_to_one,matched
MATCH-0001101,PAYREC-001360,BTX-0001101,one_to_one,matched
MATCH-0001102,PAYREC-001361,BTX-0001102,one_to_one,matched
MATCH-0001103,PAYREC-001362,BTX-0001103,one_to_one,matched
MATCH-0001104,PAYREC-001363,BTX-0001104,one_to_one,matched
MATCH-0001105,PAYREC-001364,BTX-0001105,one_to_one,matched
MATCH-0001106,PAYREC-001365,BTX-0001106,one_to_one,matched
MATCH-0001107,PAYREC-001366,BTX-0001107,one_to_one,matched
MATCH-0001108,PAYREC-001367,BTX-0001108,one_to_one,matched
MATCH-0001109,PAYREC-001368,BTX-0001109,one_to_one,matched
MATCH-0001110,PAYREC-001369,BTX-0001110,one_to_one,matched
MATCH-0001111,PAYREC-001370,BTX-0001111,one_to_one,matched
MATCH-0001112,PAYREC-001371,BTX-0001112,one_to_one,matched
MATCH-0001113,PAYREC-001372,BTX-0001113,one_to_one,matched
MATCH-0001114,PAYREC-001373,BTX-0001114,one_to_one,matched
MATCH-0001115,PAYREC-001374,BTX-0001115,one_to_one,matched
MATCH-0001116,PAYREC-001375,BTX-0001116,one_to_one,matched
MATCH-0001117,PAYREC-001377,BTX-0001117,one_to_one,matched
MATCH-0001118,PAYREC-001378,BTX-0001118,one_to_one,matched
MATCH-0001119,PAYREC-001379,BTX-0001119,one_to_one,matched
MATCH-0001120,PAYREC-001380,BTX-0001120,one_to_one,matched
MATCH-0001121,PAYREC-001381,BTX-0001121,one_to_one,matched
MATCH-0001122,PAYREC-001382,BTX-0001122,one_to_one,matched
MATCH-0001123,PAYREC-001383,BTX-0001123,one_to_one,matched
MATCH-0001124,PAYREC-001384,BTX-0001124,one_to_one,matched
MATCH-0001125,PAYREC-001385,BTX-0001125,one_to_one,matched
MATCH-0001126,PAYREC-001386,BTX-0001126,one_to_one,matched
MATCH-0001127,PAYREC-001387,BTX-0001127,one_to_one,matched
MATCH-0001128,PAYREC-001388,BTX-0001128,one_to_one,matched
MATCH-0001129,PAYREC-001389,BTX-0001129,one_to_one,matched
MATCH-0001130,PAYREC-001390,BTX-0001130,one_to_one,matched
MATCH-0001131,PAYREC-001391,BTX-0001131,one_to_one,matched
MATCH-0001132,PAYREC-001392,BTX-0001132,one_to_one,matched
MATCH-0001133,PAYREC-001393,BTX-0001133,one_to_one,matched
MATCH-0001134,PAYREC-001394,BTX-0001134,one_to_one,matched
MATCH-0001135,PAYREC-001395,BTX-0001135,one_to_one,matched
MATCH-0001136,PAYREC-001396,BTX-0001136,one_to_one,matched
MATCH-0001137,PAYREC-001398,BTX-0001137,one_to_one,matched
MATCH-0001138,PAYREC-001399,BTX-0001138,one_to_one,matched
MATCH-0001139,PAYREC-001400,BTX-0001139,one_to_one,matched
MATCH-0001140,PAYREC-001401,BTX-0001140,one_to_one,matched
MATCH-0001141,PAYREC-001402,BTX-0001141,one_to_one,matched
MATCH-0001142,PAYREC-001403,BTX-0001142,one_to_one,matched
MATCH-0001143,PAYREC-001404,BTX-0001143,one_to_one,matched
MATCH-0001144,PAYREC-001405,BTX-0001144,one_to_one,matched
MATCH-0001145,PAYREC-001406,BTX-0001145,one_to_one,matched
MATCH-0001146,PAYREC-001407,BTX-0001146,one_to_one,matched
MATCH-0001147,PAYREC-001408,BTX-0001147,one_to_one,matched
MATCH-0001148,PAYREC-001409,BTX-0001148,one_to_one,matched
MATCH-0001149,PAYREC-001411,BTX-0001149,one_to_one,matched
MATCH-0001150,PAYREC-001413,BTX-0001150,one_to_one,matched
MATCH-0001151,PAYREC-001414,BTX-0001151,one_to_one,matched
MATCH-0001152,PAYREC-001415,BTX-0001152,one_to_one,matched
MATCH-0001153,PAYREC-001417,BTX-0001153,one_to_one,matched
MATCH-0001154,PAYREC-001418,BTX-0001154,one_to_one,matched
MATCH-0001155,PAYREC-001419,BTX-0001155,one_to_one,matched
MATCH-0001156,PAYREC-001420,BTX-0001156,one_to_one,matched
MATCH-0001157,PAYREC-001421,BTX-0001157,one_to_one,matched
MATCH-0001158,PAYREC-001422,BTX-0001158,one_to_one,matched
MATCH-0001159,PAYREC-001423,BTX-0001159,one_to_one,matched
MATCH-0001160,PAYREC-001424,BTX-0001160,one_to_one,matched
MATCH-0001161,PAYREC-001425,BTX-0001161,one_to_one,matched
MATCH-0001162,PAYREC-001426,BTX-0001162,one_to_one,matched
MATCH-0001163,PAYREC-001427,BTX-0001163,one_to_one,matched
MATCH-0001164,PAYREC-001428,BTX-0001164,one_to_one,matched
MATCH-0001165,PAYREC-001429,BTX-0001165,one_to_one,matched
MATCH-0001166,PAYREC-001430,BTX-0001166,one_to_one,matched
MATCH-0001167,PAYREC-001431,BTX-0001167,one_to_one,matched
MATCH-0001168,PAYREC-001432,BTX-0001168,one_to_one,matched
MATCH-0001169,PAYREC-001433,BTX-0001169,one_to_one,matched
MATCH-0001170,PAYREC-001434,BTX-0001170,one_to_one,matched
MATCH-0001171,PAYREC-001435,BTX-0001171,one_to_one,matched
MATCH-0001172,PAYREC-001436,BTX-0001172,one_to_one,matched
MATCH-0001173,PAYREC-001437,BTX-0001173,one_to_one,matched
MATCH-0001174,PAYREC-001439,BTX-0001174,one_to_one,matched
MATCH-0001175,PAYREC-001440,BTX-0001175,one_to_one,matched
MATCH-0001176,PAYREC-001441,BTX-0001176,one_to_one,matched
MATCH-0001177,PAYREC-001442,BTX-0001177,one_to_one,matched
MATCH-0001178,PAYREC-001443,BTX-0001178,one_to_one,matched
MATCH-0001179,PAYREC-001445,BTX-0001179,one_to_one,matched
MATCH-0001180,PAYREC-001447,BTX-0001180,one_to_one,matched
MATCH-0001181,PAYREC-001448,BTX-0001181,one_to_one,matched
MATCH-0001182,PAYREC-001450,BTX-0001182,one_to_one,matched
MATCH-0001183,PAYREC-001451,BTX-0001183,one_to_one,matched
MATCH-0001184,PAYREC-001452,BTX-0001184,one_to_one,matched
MATCH-0001185,PAYREC-001453,BTX-0001185,one_to_one,matched
MATCH-0001186,PAYREC-001454,BTX-0001186,one_to_one,matched
MATCH-0001187,PAYREC-001456,BTX-0001187,one_to_one,matched
MATCH-0001188,PAYREC-001457,BTX-0001188,one_to_one,matched
MATCH-0001189,PAYREC-001458,BTX-0001189,one_to_one,matched
MATCH-0001190,PAYREC-001459,BTX-0001190,one_to_one,matched
MATCH-0001191,PAYREC-001460,BTX-0001191,one_to_one,matched
MATCH-0001192,PAYREC-001463,BTX-0001192,one_to_one,matched
MATCH-0001193,PAYREC-001464,BTX-0001193,one_to_one,matched
MATCH-0001194,PAYREC-001465,BTX-0001194,one_to_one,matched
MATCH-0001195,PAYREC-001466,BTX-0001195,one_to_one,matched
MATCH-0001196,PAYREC-001467,BTX-0001196,one_to_one,matched
MATCH-0001197,PAYREC-001468,BTX-0001197,one_to_one,matched
MATCH-0001198,PAYREC-001469,BTX-0001198,one_to_one,matched
MATCH-0001199,PAYREC-001470,BTX-0001199,one_to_one,matched
MATCH-0001200,PAYREC-001472,BTX-0001200,one_to_one,matched
MATCH-0001201,PAYREC-001473,BTX-0001201,one_to_one,matched
MATCH-0001202,PAYREC-001474,BTX-0001202,one_to_one,matched
MATCH-0001203,PAYREC-001475,BTX-0001203,one_to_one,matched
MATCH-0001204,PAYREC-001477,BTX-0001204,one_to_one,matched
MATCH-0001205,PAYREC-001478,BTX-0001205,one_to_one,matched
MATCH-0001206,PAYREC-001479,BTX-0001206,one_to_one,matched
MATCH-0001207,PAYREC-001480,BTX-0001207,one_to_one,matched
MATCH-0001208,PAYREC-001481,BTX-0001208,one_to_one,matched
MATCH-0001209,PAYREC-001482,BTX-0001209,one_to_one,matched
MATCH-0001210,PAYREC-001483,BTX-0001210,one_to_one,matched
MATCH-0001211,PAYREC-001484,BTX-0001211,one_to_one,matched
MATCH-0001212,PAYREC-001485,BTX-0001212,one_to_one,matched
MATCH-0001213,PAYREC-001486,BTX-0001213,one_to_one,matched
MATCH-0001214,PAYREC-001487,BTX-0001214,one_to_one,matched
MATCH-0001215,PAYREC-001488,BTX-0001215,one_to_one,matched
MATCH-0001216,PAYREC-001489,BTX-0001216,one_to_one,matched
MATCH-0001217,PAYREC-001490,BTX-0001217,one_to_one,matched
MATCH-0001218,PAYREC-001491,BTX-0001218,one_to_one,matched
MATCH-0001219,PAYREC-001492,BTX-0001219,one_to_one,matched
MATCH-0001220,PAYREC-001493,BTX-0001220,one_to_one,matched
MATCH-0001221,PAYREC-001494,BTX-0001221,one_to_one,matched
MATCH-0001222,PAYREC-001495,BTX-0001222,one_to_one,matched
MATCH-0001223,PAYREC-001496,BTX-0001223,one_to_one,matched
MATCH-0001224,PAYREC-001497,BTX-0001224,one_to_one,matched
MATCH-0001225,PAYREC-001498,BTX-0001225,one_to_one,matched
MATCH-0001226,PAYREC-001500,BTX-0001226,one_to_one,matched
MATCH-0001227,PAYREC-001501,BTX-0001227,one_to_one,matched
MATCH-0001228,PAYREC-001502,BTX-0001228,one_to_one,matched
MATCH-0001229,PAYREC-001503,BTX-0001229,one_to_one,matched
MATCH-0001230,PAYREC-001504,BTX-0001230,one_to_one,matched
MATCH-0001231,PAYREC-001505,BTX-0001231,one_to_one,matched
MATCH-0001232,PAYREC-001507,BTX-0001232,one_to_one,matched
MATCH-0001233,PAYREC-001508,BTX-0001233,one_to_one,matched
MATCH-0001234,PAYREC-001509,BTX-0001234,one_to_one,matched
MATCH-0001235,PAYREC-001510,BTX-0001235,one_to_one,matched
MATCH-0001236,PAYREC-001511,BTX-0001236,one_to_one,matched
MATCH-0001237,PAYREC-001512,BTX-0001237,one_to_one,matched
MATCH-0001238,PAYREC-001513,BTX-0001238,one_to_one,matched
MATCH-0001239,PAYREC-001514,BTX-0001239,one_to_one,matched
MATCH-0001240,PAYREC-001515,BTX-0001240,one_to_one,matched
MATCH-0001241,PAYREC-001516,BTX-0001241,one_to_one,matched
MATCH-0001242,PAYREC-001517,BTX-0001242,one_to_one,matched
MATCH-0001243,PAYREC-001518,BTX-0001243,one_to_one,matched
MATCH-0001244,PAYREC-001520,BTX-0001244,one_to_one,matched
MATCH-0001245,PAYREC-001521,BTX-0001245,one_to_one,matched
MATCH-0001246,PAYREC-001523,BTX-0001246,one_to_one,matched
MATCH-0001247,PAYREC-001524,BTX-0001247,one_to_one,matched
MATCH-0001248,PAYREC-001525,BTX-0001248,one_to_one,matched
MATCH-0001249,PAYREC-001526,BTX-0001249,one_to_one,matched
MATCH-0001250,PAYREC-001529,BTX-0001250,one_to_one,matched
MATCH-0001251,PAYREC-001530,BTX-0001251,one_to_one,matched
MATCH-0001252,PAYREC-001532,BTX-0001252,one_to_one,matched
MATCH-0001253,PAYREC-001533,BTX-0001253,one_to_one,matched
MATCH-0001254,PAYREC-001534,BTX-0001254,one_to_one,matched
MATCH-0001255,PAYREC-001536,BTX-0001255,one_to_one,matched
MATCH-0001256,PAYREC-001537,BTX-0001256,one_to_one,matched
MATCH-0001257,PAYREC-001538,BTX-0001257,one_to_one,matched
MATCH-0001258,PAYREC-001539,BTX-0001258,one_to_one,matched
MATCH-0001259,PAYREC-001540,BTX-0001259,one_to_one,matched
MATCH-0001260,PAYREC-001542,BTX-0001260,one_to_one,matched
MATCH-0001261,PAYREC-001544,BTX-0001261,one_to_one,matched
MATCH-0001262,PAYREC-001545,BTX-0001262,one_to_one,matched
MATCH-0001263,PAYREC-001547,BTX-0001263,one_to_one,matched
MATCH-0001264,PAYREC-001548,BTX-0001264,one_to_one,matched
MATCH-0001265,PAYREC-001549,BTX-0001265,one_to_one,matched
MATCH-0001266,PAYREC-001550,BTX-0001266,one_to_one,matched
MATCH-0001267,PAYREC-001551,BTX-0001267,one_to_one,matched
MATCH-0001268,PAYREC-001552,BTX-0001268,one_to_one,matched
MATCH-0001269,PAYREC-001553,BTX-0001269,one_to_one,matched
MATCH-0001270,PAYREC-001554,BTX-0001270,one_to_one,matched
MATCH-0001271,PAYREC-001555,BTX-0001271,one_to_one,matched
MATCH-0001272,PAYREC-001556,BTX-0001272,one_to_one,matched
MATCH-0001273,PAYREC-001557,BTX-0001273,one_to_one,matched
MATCH-0001274,PAYREC-001558,BTX-0001274,one_to_one,matched
MATCH-0001275,PAYREC-001559,BTX-0001275,one_to_one,matched
MATCH-0001276,PAYREC-001560,BTX-0001276,one_to_one,matched
MATCH-0001277,PAYREC-001561,BTX-0001277,one_to_one,matched
MATCH-0001278,PAYREC-001562,BTX-0001278,one_to_one,matched
MATCH-0001279,PAYREC-001563,BTX-0001279,one_to_one,matched
MATCH-0001280,PAYREC-001565,BTX-0001280,one_to_one,matched
MATCH-0001281,PAYREC-001566,BTX-0001281,one_to_one,matched
MATCH-0001282,PAYREC-001567,BTX-0001282,one_to_one,matched
MATCH-0001283,PAYREC-001568,BTX-0001283,one_to_one,matched
MATCH-0001284,PAYREC-001569,BTX-0001284,one_to_one,matched
MATCH-0001285,PAYREC-001571,BTX-0001285,one_to_one,matched
MATCH-0001286,PAYREC-001572,BTX-0001286,one_to_one,matched
MATCH-0001287,PAYREC-001574,BTX-0001287,one_to_one,matched
MATCH-0001288,PAYREC-001575,BTX-0001288,one_to_one,matched
MATCH-0001289,PAYREC-001576,BTX-0001289,one_to_one,matched
MATCH-0001290,PAYREC-001577,BTX-0001290,one_to_one,matched
MATCH-0001291,PAYREC-001578,BTX-0001291,one_to_one,matched
MATCH-0001292,PAYREC-001579,BTX-0001292,one_to_one,matched
MATCH-0001293,PAYREC-001580,BTX-0001293,one_to_one,matched
MATCH-0001294,PAYREC-001581,BTX-0001294,one_to_one,matched
MATCH-0001295,PAYREC-001583,BTX-0001295,one_to_one,matched
MATCH-0001296,PAYREC-001584,BTX-0001296,one_to_one,matched
MATCH-0001297,PAYREC-001585,BTX-0001297,one_to_one,matched
MATCH-0001298,PAYREC-001586,BTX-0001298,one_to_one,matched
MATCH-0001299,PAYREC-001587,BTX-0001299,one_to_one,matched
MATCH-0001300,PAYREC-001588,BTX-0001300,one_to_one,matched
MATCH-0001301,PAYREC-001589,BTX-0001301,one_to_one,matched
MATCH-0001302,PAYREC-001590,BTX-0001302,one_to_one,matched
MATCH-0001303,PAYREC-001591,BTX-0001303,one_to_one,matched
MATCH-0001304,PAYREC-001592,BTX-0001304,one_to_one,matched
MATCH-0001305,PAYREC-001594,BTX-0001305,one_to_one,matched
MATCH-0001306,PAYREC-001595,BTX-0001306,one_to_one,matched
MATCH-0001307,PAYREC-001596,BTX-0001307,one_to_one,matched
MATCH-0001308,PAYREC-001597,BTX-0001308,one_to_one,matched
MATCH-0001309,PAYREC-001598,BTX-0001309,one_to_one,matched
MATCH-0001310,PAYREC-001600,BTX-0001310,one_to_one,matched
MATCH-0001311,PAYREC-001603,BTX-0001311,one_to_one,matched
MATCH-0001312,PAYREC-001604,BTX-0001312,one_to_one,matched
MATCH-0001313,PAYREC-001606,BTX-0001313,one_to_one,matched
MATCH-0001314,PAYREC-001607,BTX-0001314,one_to_one,matched
MATCH-0001315,PAYREC-001608,BTX-0001315,one_to_one,matched
MATCH-0001316,PAYREC-001609,BTX-0001316,one_to_one,matched
MATCH-0001317,PAYREC-001610,BTX-0001317,one_to_one,matched
MATCH-0001318,PAYREC-001611,BTX-0001318,one_to_one,matched
MATCH-0001319,PAYREC-001612,BTX-0001319,one_to_one,matched
MATCH-0001320,PAYREC-001613,BTX-0001320,one_to_one,matched
MATCH-0001321,PAYREC-001614,BTX-0001321,one_to_one,matched
MATCH-0001322,PAYREC-001615,BTX-0001322,one_to_one,matched
MATCH-0001323,PAYREC-001616,BTX-0001323,one_to_one,matched
MATCH-0001324,PAYREC-001617,BTX-0001324,one_to_one,matched
MATCH-0001325,PAYREC-001618,BTX-0001325,one_to_one,matched
MATCH-0001326,PAYREC-001619,BTX-0001326,one_to_one,matched
MATCH-0001327,PAYREC-001620,BTX-0001327,one_to_one,matched
MATCH-0001328,PAYREC-001621,BTX-0001328,one_to_one,matched
MATCH-0001329,PAYREC-001622,BTX-0001329,one_to_one,matched
MATCH-0001330,PAYREC-001623,BTX-0001330,one_to_one,matched
MATCH-0001331,PAYREC-001624,BTX-0001331,one_to_one,matched
MATCH-0001332,PAYREC-001625,BTX-0001332,one_to_one,matched
MATCH-0001333,PAYREC-001626,BTX-0001333,one_to_one,matched
MATCH-0001334,PAYREC-001628,BTX-0001334,one_to_one,matched
MATCH-0001335,PAYREC-001629,BTX-0001335,one_to_one,matched
MATCH-0001336,PAYREC-001630,BTX-0001336,one_to_one,matched
MATCH-0001337,PAYREC-001631,BTX-0001337,one_to_one,matched
MATCH-0001338,PAYREC-001632,BTX-0001338,one_to_one,matched
MATCH-0001339,PAYREC-001633,BTX-0001339,one_to_one,matched
MATCH-0001340,PAYREC-001634,BTX-0001340,one_to_one,matched
MATCH-0001341,PAYREC-001635,BTX-0001341,one_to_one,matched
MATCH-0001342,PAYREC-001636,BTX-0001342,one_to_one,matched
MATCH-0001343,PAYREC-001637,BTX-0001343,one_to_one,matched
MATCH-0001344,PAYREC-001639,BTX-0001344,one_to_one,matched
MATCH-0001345,PAYREC-001640,BTX-0001345,one_to_one,matched
MATCH-0001346,PAYREC-001641,BTX-0001346,one_to_one,matched
MATCH-0001347,PAYREC-001642,BTX-0001347,one_to_one,matched
MATCH-0001348,PAYREC-001645,BTX-0001348,one_to_one,matched
MATCH-0001349,PAYREC-001647,BTX-0001349,one_to_one,matched
MATCH-0001350,PAYREC-001648,BTX-0001350,one_to_one,matched
MATCH-0001351,PAYREC-001650,BTX-0001351,one_to_one,matched
MATCH-0001352,PAYREC-001652,BTX-0001352,one_to_one,matched
MATCH-0001353,PAYREC-001654,BTX-0001353,one_to_one,matched
MATCH-0001354,PAYREC-001655,BTX-0001354,one_to_one,matched
MATCH-0001355,PAYREC-001656,BTX-0001355,one_to_one,matched
MATCH-0001356,PAYREC-001657,BTX-0001356,one_to_one,matched
MATCH-0001357,PAYREC-001658,BTX-0001357,one_to_one,matched
MATCH-0001358,PAYREC-001659,BTX-0001358,one_to_one,matched
MATCH-0001359,PAYREC-001660,BTX-0001359,one_to_one,matched
MATCH-0001360,PAYREC-001661,BTX-0001360,one_to_one,matched
MATCH-0001361,PAYREC-001663,BTX-0001361,one_to_one,matched
MATCH-0001362,PAYREC-001664,BTX-0001362,one_to_one,matched
MATCH-0001363,PAYREC-001665,BTX-0001363,one_to_one,matched
MATCH-0001364,PAYREC-001666,BTX-0001364,one_to_one,matched
MATCH-0001365,PAYREC-001668,BTX-0001365,one_to_one,matched
MATCH-0001366,PAYREC-001669,BTX-0001366,one_to_one,matched
MATCH-0001367,PAYREC-001670,BTX-0001367,one_to_one,matched
MATCH-0001368,PAYREC-001672,BTX-0001368,one_to_one,matched
MATCH-0001369,PAYREC-001673,BTX-0001369,one_to_one,matched
MATCH-0001370,PAYREC-001674,BTX-0001370,one_to_one,matched
MATCH-0001371,PAYREC-001676,BTX-0001371,one_to_one,matched
MATCH-0001372,PAYREC-001677,BTX-0001372,one_to_one,matched
MATCH-0001373,PAYREC-001678,BTX-0001373,one_to_one,matched
MATCH-0001374,PAYREC-001679,BTX-0001374,one_to_one,matched
MATCH-0001375,PAYREC-001680,BTX-0001375,one_to_one,matched
MATCH-0001376,PAYREC-001681,BTX-0001376,one_to_one,matched
MATCH-0001377,PAYREC-001682,BTX-0001377,one_to_one,matched
MATCH-0001378,PAYREC-001683,BTX-0001378,one_to_one,matched
MATCH-0001379,PAYREC-001684,BTX-0001379,one_to_one,matched
MATCH-0001380,PAYREC-001685,BTX-0001380,one_to_one,matched
MATCH-0001381,PAYREC-001686,BTX-0001381,one_to_one,matched
MATCH-0001382,PAYREC-001687,BTX-0001382,one_to_one,matched
MATCH-0001383,PAYREC-001688,BTX-0001383,one_to_one,matched
MATCH-0001384,PAYREC-001690,BTX-0001384,one_to_one,matched
MATCH-0001385,PAYREC-001691,BTX-0001385,one_to_one,matched
MATCH-0001386,PAYREC-001692,BTX-0001386,one_to_one,matched
MATCH-0001387,PAYREC-001693,BTX-0001387,one_to_one,matched
MATCH-0001388,PAYREC-001695,BTX-0001388,one_to_one,matched
MATCH-0001389,PAYREC-001696,BTX-0001389,one_to_one,matched
MATCH-0001390,PAYREC-001697,BTX-0001390,one_to_one,matched
MATCH-0001391,PAYREC-001698,BTX-0001391,one_to_one,matched
MATCH-0001392,PAYREC-001699,BTX-0001392,one_to_one,matched
MATCH-0001393,PAYREC-001700,BTX-0001393,one_to_one,matched
MATCH-0001394,PAYREC-001701,BTX-0001394,one_to_one,matched
MATCH-0001395,PAYREC-001702,BTX-0001395,one_to_one,matched
MATCH-0001396,PAYREC-001703,BTX-0001396,one_to_one,matched
MATCH-0001397,PAYREC-001704,BTX-0001397,one_to_one,matched
MATCH-0001398,PAYREC-001706,BTX-0001398,one_to_one,matched
MATCH-0001399,PAYREC-001707,BTX-0001399,one_to_one,matched
MATCH-0001400,PAYREC-001708,BTX-0001400,one_to_one,matched
MATCH-0001401,PAYREC-001709,BTX-0001401,one_to_one,matched
MATCH-0001402,PAYREC-001710,BTX-0001402,one_to_one,matched
MATCH-0001403,PAYREC-001711,BTX-0001403,one_to_one,matched
MATCH-0001404,PAYREC-001712,BTX-0001404,one_to_one,matched
MATCH-0001405,PAYREC-001713,BTX-0001405,one_to_one,matched
MATCH-0001406,PAYREC-001715,BTX-0001406,one_to_one,matched
MATCH-0001407,PAYREC-001716,BTX-0001407,one_to_one,matched
MATCH-0001408,PAYREC-001717,BTX-0001408,one_to_one,matched
MATCH-0001409,PAYREC-001718,BTX-0001409,one_to_one,matched
MATCH-0001410,PAYREC-001719,BTX-0001410,one_to_one,matched
MATCH-0001411,PAYREC-001722,BTX-0001411,one_to_one,matched
MATCH-0001412,PAYREC-001724,BTX-0001412,one_to_one,matched
MATCH-0001413,PAYREC-001725,BTX-0001413,one_to_one,matched
MATCH-0001414,PAYREC-001726,BTX-0001414,one_to_one,matched
MATCH-0001415,PAYREC-001727,BTX-0001415,one_to_one,matched
MATCH-0001416,PAYREC-001728,BTX-0001416,one_to_one,matched
MATCH-0001417,PAYREC-001731,BTX-0001417,one_to_one,matched
MATCH-0001418,PAYREC-001732,BTX-0001418,one_to_one,matched
MATCH-0001419,PAYREC-001735,BTX-0001419,one_to_one,matched
MATCH-0001420,PAYREC-001737,BTX-0001420,one_to_one,matched
MATCH-0001421,PAYREC-001738,BTX-0001421,one_to_one,matched
MATCH-0001422,PAYREC-001739,BTX-0001422,one_to_one,matched
MATCH-0001423,PAYREC-001740,BTX-0001423,one_to_one,matched
MATCH-0001424,PAYREC-001741,BTX-0001424,one_to_one,matched
MATCH-0001425,PAYREC-001743,BTX-0001425,one_to_one,matched
MATCH-0001426,PAYREC-001744,BTX-0001426,one_to_one,matched
MATCH-0001427,PAYREC-001745,BTX-0001427,one_to_one,matched
MATCH-0001428,PAYREC-001746,BTX-0001428,one_to_one,matched
MATCH-0001429,PAYREC-001747,BTX-0001429,one_to_one,matched
MATCH-0001430,PAYREC-001748,BTX-0001430,one_to_one,matched
MATCH-0001431,PAYREC-001749,BTX-0001431,one_to_one,matched
MATCH-0001432,PAYREC-001750,BTX-0001432,one_to_one,matched
MATCH-0001433,PAYREC-001751,BTX-0001433,one_to_one,matched
MATCH-0001434,PAYREC-001752,BTX-0001434,one_to_one,matched
MATCH-0001435,PAYREC-001753,BTX-0001435,one_to_one,matched
MATCH-0001436,PAYREC-001754,BTX-0001436,one_to_one,matched
MATCH-0001437,PAYREC-001755,BTX-0001437,one_to_one,matched
MATCH-0001438,PAYREC-001756,BTX-0001438,one_to_one,matched
MATCH-0001439,PAYREC-001758,BTX-0001439,one_to_one,matched
MATCH-0001440,PAYREC-001759,BTX-0001440,one_to_one,matched
MATCH-0001441,PAYREC-001760,BTX-0001441,one_to_one,matched
MATCH-0001442,PAYREC-001761,BTX-0001442,one_to_one,matched
MATCH-0001443,PAYREC-001762,BTX-0001443,one_to_one,matched
MATCH-0001444,PAYREC-001764,BTX-0001444,one_to_one,matched
MATCH-0001445,PAYREC-001765,BTX-0001445,one_to_one,matched
MATCH-0001446,PAYREC-001766,BTX-0001446,one_to_one,matched
MATCH-0001447,PAYREC-001767,BTX-0001447,one_to_one,matched
MATCH-0001448,PAYREC-001768,BTX-0001448,one_to_one,matched
MATCH-0001449,PAYREC-001769,BTX-0001449,one_to_one,matched
MATCH-0001450,PAYREC-001770,BTX-0001450,one_to_one,matched
MATCH-0001451,PAYREC-001771,BTX-0001451,one_to_one,matched
MATCH-0001452,PAYREC-001772,BTX-0001452,one_to_one,matched
MATCH-0001453,PAYREC-001773,BTX-0001453,one_to_one,matched
MATCH-0001454,PAYREC-001774,BTX-0001454,one_to_one,matched
MATCH-0001455,PAYREC-001775,BTX-0001455,one_to_one,matched
MATCH-0001456,PAYREC-001776,BTX-0001456,one_to_one,matched
MATCH-0001457,PAYREC-001778,BTX-0001457,one_to_one,matched
MATCH-0001458,PAYREC-001779,BTX-0001458,one_to_one,matched
MATCH-0001459,PAYREC-001780,BTX-0001459,one_to_one,matched
MATCH-0001460,PAYREC-001781,BTX-0001460,one_to_one,matched
MATCH-0001461,PAYREC-001782,BTX-0001461,one_to_one,matched
MATCH-0001462,PAYREC-001783,BTX-0001462,one_to_one,matched
MATCH-0001463,PAYREC-001784,BTX-0001463,one_to_one,matched
MATCH-0001464,PAYREC-001785,BTX-0001464,one_to_one,matched
MATCH-0001465,PAYREC-001787,BTX-0001465,one_to_one,matched
MATCH-0001466,PAYREC-001788,BTX-0001466,one_to_one,matched
MATCH-0001467,PAYREC-001789,BTX-0001467,one_to_one,matched
MATCH-0001468,PAYREC-001790,BTX-0001468,one_to_one,matched
MATCH-0001469,PAYREC-001791,BTX-0001469,one_to_one,matched
MATCH-0001470,PAYREC-001792,BTX-0001470,one_to_one,matched
MATCH-0001471,PAYREC-001793,BTX-0001471,one_to_one,matched
MATCH-0001472,PAYREC-001795,BTX-0001472,one_to_one,matched
MATCH-0001473,PAYREC-001796,BTX-0001473,one_to_one,matched
MATCH-0001474,PAYREC-001797,BTX-0001474,one_to_one,matched
MATCH-0001475,PAYREC-001798,BTX-0001475,one_to_one,matched
MATCH-0001476,PAYREC-001800,BTX-0001476,one_to_one,matched
MATCH-0001477,PAYREC-001801,BTX-0001477,one_to_one,matched
MATCH-0001478,PAYREC-001803,BTX-0001478,one_to_one,matched
MATCH-0001479,PAYREC-001804,BTX-0001479,one_to_one,matched
MATCH-0001480,PAYREC-001805,BTX-0001480,one_to_one,matched
MATCH-0001481,PAYREC-001806,BTX-0001481,one_to_one,matched
MATCH-0001482,PAYREC-001807,BTX-0001482,one_to_one,matched
MATCH-0001483,PAYREC-001808,BTX-0001483,one_to_one,matched
MATCH-0001484,PAYREC-001809,BTX-0001484,one_to_one,matched
MATCH-0001485,PAYREC-001810,BTX-0001485,one_to_one,matched
MATCH-0001486,PAYREC-001811,BTX-0001486,one_to_one,matched
MATCH-0001487,PAYREC-001812,BTX-0001487,one_to_one,matched
MATCH-0001488,PAYREC-001814,BTX-0001488,one_to_one,matched
MATCH-0001489,PAYREC-001816,BTX-0001489,one_to_one,matched
MATCH-0001490,PAYREC-001817,BTX-0001490,one_to_one,matched
MATCH-0001491,PAYREC-001818,BTX-0001491,one_to_one,matched
MATCH-0001492,PAYREC-001819,BTX-0001492,one_to_one,matched
MATCH-0001493,PAYREC-001821,BTX-0001493,one_to_one,matched
MATCH-0001494,PAYREC-001822,BTX-0001494,one_to_one,matched
MATCH-0001495,PAYREC-001824,BTX-0001495,one_to_one,matched
MATCH-0001496,PAYREC-001825,BTX-0001496,one_to_one,matched
MATCH-0001497,PAYREC-001826,BTX-0001497,one_to_one,matched
MATCH-0001498,PAYREC-001827,BTX-0001498,one_to_one,matched
MATCH-0001499,PAYREC-001828,BTX-0001499,one_to_one,matched
MATCH-0001500,PAYREC-001829,BTX-0001500,one_to_one,matched
MATCH-0001501,PAYREC-001830,BTX-0001501,one_to_one,matched
MATCH-0001502,PAYREC-001831,BTX-0001502,one_to_one,matched
MATCH-0001503,PAYREC-001833,BTX-0001503,one_to_one,matched
MATCH-0001504,PAYREC-001834,BTX-0001504,one_to_one,matched
MATCH-0001505,PAYREC-001835,BTX-0001505,one_to_one,matched
MATCH-0001506,PAYREC-001836,BTX-0001506,one_to_one,matched
MATCH-0001507,PAYREC-001839,BTX-0001507,one_to_one,matched
MATCH-0001508,PAYREC-001840,BTX-0001508,one_to_one,matched
MATCH-0001509,PAYREC-001842,BTX-0001509,one_to_one,matched
MATCH-0001510,PAYREC-001843,BTX-0001510,one_to_one,matched
MATCH-0001511,PAYREC-001845,BTX-0001511,one_to_one,matched
MATCH-0001512,PAYREC-001846,BTX-0001512,one_to_one,matched
MATCH-0001513,PAYREC-001847,BTX-0001513,one_to_one,matched
MATCH-0001514,PAYREC-001850,BTX-0001514,one_to_one,matched
MATCH-0001515,PAYREC-001852,BTX-0001515,one_to_one,matched
MATCH-0001516,PAYREC-001853,BTX-0001516,one_to_one,matched
MATCH-0001517,PAYREC-001854,BTX-0001517,one_to_one,matched
MATCH-0001518,PAYREC-001855,BTX-0001518,one_to_one,matched
MATCH-0001519,PAYREC-001856,BTX-0001519,one_to_one,matched
MATCH-0001520,PAYREC-001857,BTX-0001520,one_to_one,matched
MATCH-0001521,PAYREC-001858,BTX-0001521,one_to_one,matched
MATCH-0001522,PAYREC-001859,BTX-0001522,one_to_one,matched
MATCH-0001523,PAYREC-001861,BTX-0001523,one_to_one,matched
MATCH-0001524,PAYREC-001862,BTX-0001524,one_to_one,matched
MATCH-0001525,PAYREC-001863,BTX-0001525,one_to_one,matched
MATCH-0001526,PAYREC-001864,BTX-0001526,one_to_one,matched
MATCH-0001527,PAYREC-001866,BTX-0001527,one_to_one,matched
MATCH-0001528,PAYREC-001867,BTX-0001528,one_to_one,matched
MATCH-0001529,PAYREC-001868,BTX-0001529,one_to_one,matched
MATCH-0001530,PAYREC-001870,BTX-0001530,one_to_one,matched
MATCH-0001531,PAYREC-001871,BTX-0001531,one_to_one,matched
MATCH-0001532,PAYREC-001872,BTX-0001532,one_to_one,matched
MATCH-0001533,PAYREC-001874,BTX-0001533,one_to_one,matched
MATCH-0001534,PAYREC-001875,BTX-0001534,one_to_one,matched
MATCH-0001535,PAYREC-001876,BTX-0001535,one_to_one,matched
MATCH-0001536,PAYREC-001878,BTX-0001536,one_to_one,matched
MATCH-0001537,PAYREC-001879,BTX-0001537,one_to_one,matched
MATCH-0001538,PAYREC-001880,BTX-0001538,one_to_one,matched
MATCH-0001539,PAYREC-001881,BTX-0001539,one_to_one,matched
MATCH-0001540,PAYREC-001882,BTX-0001540,one_to_one,matched
MATCH-0001541,PAYREC-001883,BTX-0001541,one_to_one,matched
MATCH-0001542,PAYREC-001884,BTX-0001542,one_to_one,matched
MATCH-0001543,PAYREC-001886,BTX-0001543,one_to_one,matched
MATCH-0001544,PAYREC-001887,BTX-0001544,one_to_one,matched
MATCH-0001545,PAYREC-001889,BTX-0001545,one_to_one,matched
MATCH-0001546,PAYREC-001891,BTX-0001546,one_to_one,matched
MATCH-0001547,PAYREC-001892,BTX-0001547,one_to_one,matched
MATCH-0001548,PAYREC-001893,BTX-0001548,one_to_one,matched
MATCH-0001549,PAYREC-001894,BTX-0001549,one_to_one,matched
MATCH-0001550,PAYREC-001895,BTX-0001550,one_to_one,matched
MATCH-0001551,PAYREC-001896,BTX-0001551,one_to_one,matched
MATCH-0001552,PAYREC-001898,BTX-0001552,one_to_one,matched
MATCH-0001553,PAYREC-001899,BTX-0001553,one_to_one,matched
MATCH-0001554,PAYREC-001900,BTX-0001554,one_to_one,matched
MATCH-0001555,PAYREC-001901,BTX-0001555,one_to_one,matched
MATCH-0001556,PAYREC-001902,BTX-0001556,one_to_one,matched
MATCH-0001557,PAYREC-001903,BTX-0001557,one_to_one,matched
MATCH-0001558,PAYREC-001904,BTX-0001558,one_to_one,matched
MATCH-0001559,PAYREC-001905,BTX-0001559,one_to_one,matched
MATCH-0001560,PAYREC-001906,BTX-0001560,one_to_one,matched
MATCH-0001561,PAYREC-001907,BTX-0001561,one_to_one,matched
MATCH-0001562,PAYREC-001908,BTX-0001562,one_to_one,matched
MATCH-0001563,PAYREC-001909,BTX-0001563,one_to_one,matched
MATCH-0001564,PAYREC-001910,BTX-0001564,one_to_one,matched
MATCH-0001565,PAYREC-001911,BTX-0001565,one_to_one,matched
MATCH-0001566,PAYREC-001914,BTX-0001566,one_to_one,matched
MATCH-0001567,PAYREC-001915,BTX-0001567,one_to_one,matched
MATCH-0001568,PAYREC-001917,BTX-0001568,one_to_one,matched
MATCH-0001569,PAYREC-001918,BTX-0001569,one_to_one,matched
MATCH-0001570,PAYREC-001919,BTX-0001570,one_to_one,matched
MATCH-0001571,PAYREC-001920,BTX-0001571,one_to_one,matched
MATCH-0001572,PAYREC-001921,BTX-0001572,one_to_one,matched
MATCH-0001573,PAYREC-001922,BTX-0001573,one_to_one,matched
MATCH-0001574,PAYREC-001923,BTX-0001574,one_to_one,matched
MATCH-0001575,PAYREC-001924,BTX-0001575,one_to_one,matched
MATCH-0001576,PAYREC-001925,BTX-0001576,one_to_one,matched
MATCH-0001577,PAYREC-001928,BTX-0001577,one_to_one,matched
MATCH-0001578,PAYREC-001929,BTX-0001578,one_to_one,matched
MATCH-0001579,PAYREC-001930,BTX-0001579,one_to_one,matched
MATCH-0001580,PAYREC-001931,BTX-0001580,one_to_one,matched
MATCH-0001581,PAYREC-001932,BTX-0001581,one_to_one,matched
MATCH-0001582,PAYREC-001933,BTX-0001582,one_to_one,matched
MATCH-0001583,PAYREC-001934,BTX-0001583,one_to_one,matched
MATCH-0001584,PAYREC-001935,BTX-0001584,one_to_one,matched
MATCH-0001585,PAYREC-001936,BTX-0001585,one_to_one,matched
MATCH-0001586,PAYREC-001937,BTX-0001586,one_to_one,matched
MATCH-0001587,PAYREC-001938,BTX-0001587,one_to_one,matched
MATCH-0001588,PAYREC-001939,BTX-0001588,one_to_one,matched
MATCH-0001589,PAYREC-001940,BTX-0001589,one_to_one,matched
MATCH-0001590,PAYREC-001941,BTX-0001590,one_to_one,matched
MATCH-0001591,PAYREC-001942,BTX-0001591,one_to_one,matched
MATCH-0001592,PAYREC-001943,BTX-0001592,one_to_one,matched
MATCH-0001593,PAYREC-001944,BTX-0001593,one_to_one,matched
MATCH-0001594,PAYREC-001945,BTX-0001594,one_to_one,matched
MATCH-0001595,PAYREC-001946,BTX-0001595,one_to_one,matched
MATCH-0001596,PAYREC-001947,BTX-0001596,one_to_one,matched
MATCH-0001597,PAYREC-001948,BTX-0001597,one_to_one,matched
MATCH-0001598,PAYREC-001950,BTX-0001598,one_to_one,matched
MATCH-0001599,PAYREC-001951,BTX-0001599,one_to_one,matched
MATCH-0001600,PAYREC-001953,BTX-0001600,one_to_one,matched
MATCH-0001601,PAYREC-001954,BTX-0001601,one_to_one,matched
MATCH-0001602,PAYREC-001955,BTX-0001602,one_to_one,matched
MATCH-0001603,PAYREC-001956,BTX-0001603,one_to_one,matched
MATCH-0001604,PAYREC-001957,BTX-0001604,one_to_one,matched
MATCH-0001605,PAYREC-001958,BTX-0001605,one_to_one,matched
MATCH-0001606,PAYREC-001959,BTX-0001606,one_to_one,matched
MATCH-0001607,PAYREC-001960,BTX-0001607,one_to_one,matched
MATCH-0001608,PAYREC-001961,BTX-0001608,one_to_one,matched
MATCH-0001609,PAYREC-001962,BTX-0001609,one_to_one,matched
MATCH-0001610,PAYREC-001963,BTX-0001610,one_to_one,matched
MATCH-0001611,PAYREC-001965,BTX-0001611,one_to_one,matched
MATCH-0001612,PAYREC-001966,BTX-0001612,one_to_one,matched
MATCH-0001613,PAYREC-001967,BTX-0001613,one_to_one,matched
MATCH-0001614,PAYREC-001968,BTX-0001614,one_to_one,matched
MATCH-0001615,PAYREC-001969,BTX-0001615,one_to_one,matched
MATCH-0001616,PAYREC-001970,BTX-0001616,one_to_one,matched
MATCH-0001617,PAYREC-001971,BTX-0001617,one_to_one,matched
MATCH-0001618,PAYREC-001972,BTX-0001618,one_to_one,matched
MATCH-0001619,PAYREC-001974,BTX-0001619,one_to_one,matched
MATCH-0001620,PAYREC-001975,BTX-0001620,one_to_one,matched
MATCH-0001621,PAYREC-001976,BTX-0001621,one_to_one,matched
MATCH-0001622,PAYREC-001977,BTX-0001622,one_to_one,matched
MATCH-0001623,PAYREC-001979,BTX-0001623,one_to_one,matched
MATCH-0001624,PAYREC-001980,BTX-0001624,one_to_one,matched
MATCH-0001625,PAYREC-001982,BTX-0001625,one_to_one,matched
MATCH-0001626,PAYREC-001983,BTX-0001626,one_to_one,matched
MATCH-0001627,PAYREC-001984,BTX-0001627,one_to_one,matched
MATCH-0001628,PAYREC-001986,BTX-0001628,one_to_one,matched
MATCH-0001629,PAYREC-001989,BTX-0001629,one_to_one,matched
MATCH-0001630,PAYREC-001990,BTX-0001630,one_to_one,matched
MATCH-0001631,PAYREC-001991,BTX-0001631,one_to_one,matched
MATCH-0001632,PAYREC-001992,BTX-0001632,one_to_one,matched
MATCH-0001633,PAYREC-001993,BTX-0001633,one_to_one,matched
MATCH-0001634,PAYREC-001994,BTX-0001634,one_to_one,matched
MATCH-0001635,PAYREC-001995,BTX-0001635,one_to_one,matched
MATCH-0001636,PAYREC-001996,BTX-0001636,one_to_one,matched
MATCH-0001637,PAYREC-001997,BTX-0001637,one_to_one,matched
MATCH-0001638,PAYREC-001998,BTX-0001638,one_to_one,matched
MATCH-0001639,PAYREC-001999,BTX-0001639,one_to_one,matched
MATCH-0001640,PAYREC-002000,BTX-0001640,one_to_one,matched
